v0000026,     45,0.45387, 0.14804,  1
v0000026,18.5625,  0.424,  0.1951,  2
v0000026,  20.25,0.54717, 0.13725,  3
v0000026, 57.375,0.63203, 0.18725,  4
v0000026,  60.75,0.58206, 0.20686,  5
v0000026, 34.875,0.80006, 0.13333,  6
v0000026, 37.125,0.72876, 0.14314,  7
v0000026, 39.375,0.41507, 0.20686,  8
v0000026,61.3125,0.66224, 0.19118,  9
v0000026,60.1875,0.80106, 0.17255, 10
v0000026, 91.125,0.71118, 0.17745, 11
v0000026, 41.625,0.65204, 0.17941, 12
v0000026,  47.25,0.64477, 0.16176, 13
v0000026,   49.5,0.58748,    0.15, 14
v0000026,19.6875, 0.5944, 0.14608, 15
v0000026,32.0625,0.54489, 0.18627, 16
v0000026,39.9375,0.70726, 0.18235, 17
v0000026,37.6875,0.59573, 0.20882, 18
v0000026,  20.25,0.45305, 0.22059, 19
v0000026, 41.625,0.67414, 0.16275, 20
v0000026,68.0625,0.79099, 0.18824, 21
v0000026,42.1875,0.67754, 0.17549, 22
v0000026, 66.375,0.76344,  0.1902, 23
v0000026,32.0625, 0.6752, 0.15392, 24
v0000026,19.6875, 0.5172, 0.11961, 25
v0000026,32.0625,0.51235, 0.18627, 26
v0000026,  60.75,0.77803, 0.15686, 27
v0000026,73.6875,0.74142, 0.19118, 28
v0000026,     63,0.61401, 0.17451, 29
v0000026,68.0625,0.77161,  0.1598, 30
v0000026, 25.875,0.48116, 0.11667, 31
v0000026, 93.375,0.65048,  0.1951, 32
v0000026,  15.75,0.55784, 0.11569, 33
v0000026,66.9375,0.86499, 0.13824, 34
v0000026,   58.5,0.75645, 0.18137, 35
v0000026,   31.5,0.64027, 0.14118, 36
v0000026,  29.25,0.69193, 0.16176, 37
v0000026,35.4375,0.64457, 0.17843, 38
v0000026,  24.75,0.51979, 0.15294, 39
v0000026, 19.125,0.54833, 0.12549, 40
v0000026, 28.125,0.56957, 0.18725, 41
v0000026,32.0625,0.66605, 0.16667, 42
v0000026,62.4375,0.62452, 0.16176, 43
v0000026,53.4375,0.58514, 0.18627, 44
v0000026,83.8125,0.72396, 0.17157, 45
v0000026,45.5625,0.63423, 0.19314, 46
v0000026, 64.125,0.83454, 0.14608, 47
v0000026, 46.125,0.84658, 0.14412, 48
v0000026, 61.875,0.68214, 0.21176, 49
v0000026, 25.875,0.44152, 0.15686, 50
v0000026,16.3125,0.69561, 0.13333, 51
v0000026,   58.5,0.65162, 0.19902, 52
v0000026,24.1875,0.61441, 0.17941, 53
v0000026,61.3125,0.78338, 0.17353, 54
v0000026,43.3125,0.69697, 0.16765, 55
v0000026,   22.5,0.50853, 0.17353, 56
v0000026,  33.75,0.63961, 0.14804, 57
v0000026,45.5625,0.69659, 0.17549, 58
v0000026, 28.125,0.44918, 0.15588, 59
v0000026,  24.75,0.56961, 0.15098, 60
v0000026,   49.5,0.66809, 0.19608, 61
v0000026, 25.875,0.55678, 0.17843, 62
v0000026, 41.625,0.70397, 0.19118, 63
v0000026,47.8125,0.63188, 0.19706, 64
v0000026,34.3125,0.61935, 0.17647, 65
v0000026, 55.125, 0.7419, 0.18235, 66
v0000026,96.1875,0.78445, 0.19412, 67
v0000026,41.0625, 0.4938, 0.19216, 68
v0000026,21.9375,0.51785, 0.16863, 69
v0000026,41.0625,0.73629, 0.15294, 70
v0000026,60.1875,0.66322, 0.20784, 71
v0000026,     18,   0.45,  0.1451, 72
v0000026,53.4375,0.58848, 0.19608, 73
v0000026,  65.25,0.68452, 0.19706, 74
v0000026,   49.5,0.55575, 0.18235, 75
v0000026,42.1875,0.43582, 0.16373, 76
v0000026,54.5625,0.69424, 0.18333, 77
v0000026,23.0625,0.57331,    0.15, 78
v0000026,36.5625,0.57762, 0.17549, 79
v0000026,  69.75,0.83055, 0.16569, 80
v0000026, 68.625,0.79669, 0.17745, 81
v0000026,56.8125,0.37562, 0.14902, 82
v0000026,28.6875, 0.6263,  0.1951, 83
v0000026,24.1875,0.48272, 0.16961, 84
v0000026,46.6875,0.65622, 0.16275, 85
v0000026,41.0625,0.68606, 0.16961, 86
v0000026,  42.75, 0.4775, 0.18529, 87
v0000026,20.8125,0.50323, 0.15686, 88
v0000026,     18,0.39424, 0.11569, 89
v0000026,45.5625,0.61114, 0.18333, 90
v0000026, 25.875, 0.3896,0.098039, 91
v0000026,20.8125,0.41463, 0.20882, 92
v0000026,37.6875,0.42932, 0.11667, 93
v0000026,  24.75,0.46818, 0.11275, 94
v0000026,17.4375, 0.4993,    0.15, 95
v0000026,33.1875,0.43104, 0.12059, 96
v0000026, 43.875,0.74646, 0.17647, 97
v0000026,28.6875,0.56501, 0.17451, 98
v0000026,28.6875,0.65236, 0.16078, 99
v0000026,48.9375,0.68984, 0.16078,100
v0000026,  47.25,0.76993, 0.17451,101
v0000026,   49.5,0.76248, 0.17647,102
v0000026,57.9375,0.85441, 0.17549,103
v0000026,53.4375,0.49882, 0.17745,104
v0000026,     63,0.57479, 0.18333,105
v0000026, 75.375,0.75613, 0.13333,106
v0000026,     63,0.70021, 0.17745,107
v0000026,73.6875,0.54534, 0.21961,108
v0000026,54.5625,0.70491, 0.21275,109
v0000026,  20.25,0.41155,0.076471,110
v0000026,42.1875, 0.6401,  0.2098,111
v0000026,71.4375,0.75529, 0.17549,112
v0000026,18.5625,0.89329,0.096078,113
v0000026,  24.75,0.42754, 0.11569,114
v0000026,16.3125,0.54848, 0.18529,115
v0000026,     63,0.64058,  0.2098,116
v0000026,21.9375,0.42514, 0.15098,117
v0000027, 55.6875,0.57453, 0.20784,  1
v0000027,  30.375,0.36463, 0.12843,  2
v0000027,  30.375,0.55868, 0.13824,  3
v0000027, 60.1875,0.73956, 0.17255,  4
v0000027, 30.9375,0.45212, 0.20294,  5
v0000027, 26.4375,0.52082, 0.16667,  6
v0000027,    49.5,0.72411,  0.1902,  7
v0000027,  48.375,0.76922, 0.15098,  8
v0000027,  59.625,0.75102, 0.18235,  9
v0000027,  23.625,0.60579, 0.18431, 10
v0000027,   56.25,0.80761, 0.15294, 11
v0000027, 64.6875,0.83731, 0.18137, 12
v0000027,  52.875,0.62123, 0.17157, 13
v0000027, 25.3125,0.48784,  0.2098, 14
v0000027,    40.5,0.56776, 0.18922, 15
v0000027,    67.5,0.76892, 0.16863, 16
v0000027, 36.5625,0.34528, 0.12255, 17
v0000027, 64.6875,0.63693, 0.19118, 18
v0000027, 46.6875,0.90872, 0.15686, 19
v0000027, 21.9375,0.47954, 0.17843, 20
v0000027,  48.375,0.71874, 0.17549, 21
v0000027,  50.625,0.81068, 0.17549, 22
v0000027, 18.5625,0.44658, 0.15196, 23
v0000027,   69.75,0.80275, 0.19902, 24
v0000027,   60.75,0.63791, 0.18725, 25
v0000027, 45.5625,0.86517, 0.13333, 26
v0000027, 34.3125, 0.6072,  0.2049, 27
v0000027,  70.875,0.74245, 0.16961, 28
v0000027, 41.0625,0.71765, 0.14902, 29
v0000027, 18.5625,0.61485, 0.14608, 30
v0000027,      27,0.37753, 0.13824, 31
v0000027, 25.3125,0.53115, 0.17843, 32
v0000027,  57.375,0.66763, 0.16176, 33
v0000027, 54.5625,0.81071, 0.18039, 34
v0000027, 53.4375,0.40425,     0.2, 35
v0000027, 38.8125, 0.6266, 0.17843, 36
v0000027,  57.375,0.77116, 0.17843, 37
v0000027,      63,0.74107, 0.17647, 38
v0000027,      54,  0.729, 0.17451, 39
v0000027,  19.125,0.47266, 0.18627, 40
v0000027,      36,0.47868,  0.1951, 41
v0000027, 56.8125,0.72541, 0.18725, 42
v0000027, 60.1875,0.67194, 0.20294, 43
v0000027, 27.5625,0.66267, 0.17549, 44
v0000027,  25.875,0.58303, 0.15294, 45
v0000027,  39.375,0.63765, 0.20294, 46
v0000027, 41.0625,0.68687, 0.16275, 47
v0000027,  55.125,0.69908, 0.17941, 48
v0000027, 52.3125,0.74877, 0.18333, 49
v0000027, 28.6875,0.54141, 0.17647, 50
v0000027,      36,0.73039, 0.13824, 51
v0000027,  41.625,0.71913, 0.15882, 52
v0000027,  25.875,0.53598, 0.15098, 53
v0000027,   60.75,0.75784, 0.18627, 54
v0000027, 52.3125,0.87291, 0.14412, 55
v0000027, 41.0625, 0.5495, 0.19118, 56
v0000027, 46.6875,0.35478, 0.10098, 57
v0000027,  25.875,0.76607, 0.12451, 58
v0000027, 36.5625,0.64223, 0.16569, 59
v0000027,      45,0.78603, 0.16471, 60
v0000027, 51.1875,0.90088, 0.12843, 61
v0000027,  57.375,0.74398, 0.18039, 62
v0000027, 65.8125,0.76461, 0.16078, 63
v0000027,    49.5,0.66506, 0.16078, 64
v0000027, 43.3125,0.74484, 0.13725, 65
v0000027,    67.5,0.84222, 0.19314, 66
v0000027, 32.0625,0.45353, 0.18627, 67
v0000027, 66.9375,0.75917, 0.15686, 68
v0000027,      72, 0.8227, 0.14608, 69
v0000027, 63.5625,0.66295, 0.18137, 70
v0000027, 29.8125,0.63522, 0.17059, 71
v0000027,  37.125,0.70731, 0.13824, 72
v0000027,  21.375,0.56811, 0.17843, 73
v0000027, 20.8125,0.67748, 0.13922, 74
v0000027,    58.5,0.79744, 0.18039, 75
v0000027,   33.75,0.81797, 0.14118, 76
v0000027,    49.5,0.76765, 0.16765, 77
v0000027,  39.375,0.59513, 0.16667, 78
v0000027,  43.875,0.64314, 0.16863, 79
v0000027,  68.625,0.72549, 0.18137, 80
v0000027,    67.5,0.64395, 0.18529, 81
v0000027,  70.875,0.56922, 0.18137, 82
v0000027, 51.1875,0.73894, 0.17353, 83
v0000027,  41.625,0.67668, 0.17843, 84
v0000027, 78.1875,0.92315, 0.13725, 85
v0000027, 32.0625,0.65236, 0.16373, 86
v0000027,    49.5,0.62634, 0.16765, 87
v0000027,   51.75,0.80051, 0.19118, 88
v0000027, 59.0625,0.89826, 0.13824, 89
v0000027, 41.0625,0.66269, 0.17941, 90
v0000027, 33.1875,0.70143, 0.16078, 91
v0000027, 32.0625,0.51221, 0.16569, 92
v0000027,  64.125,0.74272,    0.15, 93
v0000027, 70.3125,0.79595, 0.19314, 94
v0000027,   56.25,0.78451, 0.15784, 95
v0000027,  88.875,0.62892, 0.18235, 96
v0000027, 32.0625,0.43619,0.098039, 97
v0000027,   47.25,0.61485, 0.17353, 98
v0000027,    40.5,0.51694, 0.15588, 99
v0000027, 24.1875,0.47205, 0.12353,100
v0000027, 48.9375, 0.8462, 0.12843,101
v0000027, 39.9375,0.58984, 0.16373,102
v0000027,   24.75,0.54456, 0.11275,103
v0000027, 52.3125,0.58608, 0.17745,104
v0000027, 57.9375,0.58892, 0.18627,105
v0000027,   47.25, 0.5648, 0.16471,106
v0000027,  48.375,0.72193, 0.16863,107
v0000027, 51.1875,0.64977, 0.16275,108
v0000027,   51.75,0.85269, 0.15098,109
v0000027,  50.625,0.44148, 0.11667,110
v0000027,  43.875,0.75591, 0.18333,111
v0000027, 34.3125,0.52054, 0.16275,112
v0000027, 17.4375, 0.4272, 0.10196,113
v0000027,  28.125,0.53012, 0.17451,114
v0000027,  46.125,0.72788, 0.14706,115
v0000027, 24.1875,0.55823, 0.16961,116
v0000027,   65.25,0.69361, 0.17843,117
v0000027, 88.3125,0.78514, 0.18824,118
v0000027, 26.4375,0.40784, 0.11471,119
v0000027,  50.625,0.79176, 0.16863,120
v0000027,      54,0.52373, 0.16569,121
v0000027,   33.75,0.70458, 0.16078,122
v0000027,   20.25,0.47625, 0.11961,123
v0000027, 79.3125,0.71245, 0.16078,124
v0000027, 20.8125,0.50461, 0.17157,125
v0000027, 25.3125,0.66057,  0.1902,126
v0000027,118.6875,0.65024, 0.17353,127
v0000027, 91.6875,0.47309, 0.18431,128
v0000027, 50.0625,0.64195, 0.18922,129
v0000027,  55.125,0.61885, 0.19804,130
v0000027, 43.3125, 0.6493, 0.17255,131
v0000027, 59.0625,0.57838, 0.19902,132
v0000027, 45.5625,0.60324, 0.19118,133
v0000027,  32.625,0.51846, 0.14216,134
v0000027, 29.8125,0.41472, 0.16471,135
v0000027,  16.875,0.50732, 0.13333,136
v0000027,    22.5,0.40676, 0.11176,137
v0000027,  82.125,0.63183, 0.19118,138
v0000028, 36.5625,0.44531, 0.13725,  1
v0000028,  50.625,0.82366,    0.15,  2
v0000028, 27.5625, 0.6413, 0.18431,  3
v0000028, 20.8125,0.85872, 0.12059,  4
v0000028, 50.0625,0.88372, 0.14902,  5
v0000028,  37.125,0.71301, 0.17843,  6
v0000028,      54,0.72627, 0.16373,  7
v0000028, 60.1875,0.84981, 0.13725,  8
v0000028,  68.625,0.78425, 0.16471,  9
v0000028, 27.5625,0.74966, 0.13333, 10
v0000028, 46.6875,0.98011, 0.11078, 11
v0000028, 34.3125,0.63819, 0.17255, 12
v0000028, 39.9375,0.71671,    0.15, 13
v0000028,  43.875,0.91423,  0.1402, 14
v0000028, 36.5625,0.82449, 0.12255, 15
v0000028, 53.4375,0.70427, 0.16275, 16
v0000028, 17.4375,0.57546, 0.11373, 17
v0000028, 63.5625,0.89613,  0.1402, 18
v0000028, 56.8125,0.74751, 0.16471, 19
v0000028, 73.6875,0.81961, 0.17647, 20
v0000028,      27,0.86781, 0.10196, 21
v0000028, 28.6875,0.68128,  0.1549, 22
v0000028,      54,0.81262, 0.17353, 23
v0000028,  50.625,0.79865, 0.19118, 24
v0000028, 51.1875, 0.8839, 0.16373, 25
v0000028,  25.875,0.64143, 0.20196, 26
v0000028, 60.1875,0.78776, 0.18333, 27
v0000028,  39.375,0.79221, 0.13529, 28
v0000028, 32.0625,0.69088, 0.13922, 29
v0000028,  21.375,0.66821, 0.15588, 30
v0000028, 74.8125,0.90892, 0.15392, 31
v0000028,   42.75,0.86388, 0.15294, 32
v0000028, 34.3125,0.86737, 0.13431, 33
v0000028,  61.875,0.81993, 0.16275, 34
v0000028, 19.6875,0.44605, 0.12549, 35
v0000028, 68.0625,0.86748, 0.14902, 36
v0000028,  46.125,0.84137, 0.15392, 37
v0000028, 32.0625,0.78486, 0.13627, 38
v0000028,   33.75,0.85902, 0.11471, 39
v0000028, 21.9375,0.64334, 0.15294, 40
v0000028, 20.8125,0.48596, 0.17647, 41
v0000028, 63.5625,0.88912, 0.14216, 42
v0000028, 86.0625,0.79244, 0.15294, 43
v0000028,   33.75,0.82882, 0.13529, 44
v0000028,  43.875,0.79065, 0.18529, 45
v0000028,      36,0.87279, 0.11078, 46
v0000028, 65.8125,0.80694, 0.16667, 47
v0000028,  52.875,0.81585,  0.1598, 48
v0000028, 16.3125,0.52468, 0.17549, 49
v0000028,  34.875,0.80272, 0.14706, 50
v0000028,      45,0.89132, 0.10882, 51
v0000028, 34.3125,0.93822, 0.12549, 52
v0000028,   38.25,0.70744, 0.15882, 53
v0000028, 55.6875,0.81695, 0.14706, 54
v0000028,  30.375, 0.7114,  0.1598, 55
v0000028,   51.75,0.61675, 0.19412, 56
v0000028, 71.4375,0.90826, 0.14608, 57
v0000028, 72.5625,0.80955, 0.17745, 58
v0000028, 52.3125,0.62404, 0.16961, 59
v0000028,  23.625,0.87143, 0.12451, 60
v0000028,      18, 0.9011, 0.13529, 61
v0000028,    22.5,0.73186, 0.13333, 62
v0000028, 37.6875,0.81452, 0.16275, 63
v0000028, 43.3125,0.98783, 0.12745, 64
v0000028,      45,0.69681,  0.1598, 65
v0000028, 47.8125,0.91539,0.096078, 66
v0000028,    22.5,0.63245, 0.12157, 67
v0000028, 57.9375,0.71814, 0.18431, 68
v0000028, 52.3125,0.86161, 0.14706, 69
v0000028,   20.25,0.72015, 0.12647, 70
v0000028, 23.0625,0.42793, 0.14804, 71
v0000028,   24.75,0.82941,  0.1402, 72
v0000028, 61.3125,0.97226,0.080392, 73
v0000028,   83.25,0.81076, 0.17843, 74
v0000028, 16.3125,0.69561, 0.15882, 75
v0000028, 35.4375,0.83922, 0.12549, 76
v0000028,      63,0.87027, 0.14314, 77
v0000028,  41.625,0.90111, 0.13137, 78
v0000028, 44.4375,0.71224, 0.16569, 79
v0000028, 75.9375,0.94559, 0.13627, 80
v0000028, 57.9375,0.99258,  0.1098, 81
v0000028,  43.875,0.65847, 0.20098, 82
v0000028, 81.5625,0.79781, 0.16863, 83
v0000028,   51.75,0.91624, 0.12941, 84
v0000028,  46.125,0.82143, 0.13922, 85
v0000028,  64.125, 0.8559, 0.15588, 86
v0000028, 45.5625,0.89359, 0.11961, 87
v0000028,      36,0.72782, 0.16373, 88
v0000028, 98.4375,0.91119,  0.1951, 89
v0000028,    22.5,0.65216, 0.16667, 90
v0000028, 48.9375, 0.8156, 0.16569, 91
v0000028, 52.3125,0.83909, 0.14314, 92
v0000028,  75.375,0.89347, 0.13333, 93
v0000028,    58.5,0.75362, 0.15686, 94
v0000028, 70.3125,0.94755, 0.13039, 95
v0000028, 54.5625,0.79102, 0.15882, 96
v0000028, 78.1875,0.82782, 0.16961, 97
v0000028,   20.25,0.42593, 0.12059, 98
v0000028,      72,0.93324, 0.14216, 99
v0000028,  23.625,0.80439, 0.12941,100
v0000028,   24.75,0.81756, 0.12647,101
v0000028,  30.375,0.68787,  0.1402,102
v0000028,  50.625,0.93939,0.090196,103
v0000028, 57.9375,0.80404, 0.16961,104
v0000028, 56.8125,0.94533, 0.13039,105
v0000028, 47.8125,0.79899, 0.15392,106
v0000028,  43.875,0.69196, 0.17059,107
v0000028,  64.125,0.93839, 0.11569,108
v0000028,  64.125,0.93715, 0.13431,109
v0000028,  30.375,0.57473, 0.18333,110
v0000028, 27.5625,0.78127, 0.13922,111
v0000028, 17.4375,0.74991, 0.13137,112
v0000028, 50.0625, 0.7614, 0.15686,113
v0000028,  64.125,0.90344, 0.14314,114
v0000028,   83.25,0.85265,  0.1598,115
v0000028,  48.375,  0.771, 0.19706,116
v0000028, 19.6875,0.50667, 0.18824,117
v0000028, 61.3125,0.88455, 0.15294,118
v0000028, 17.4375,0.55421, 0.12549,119
v0000028,   60.75,0.95639, 0.12941,120
v0000028, 77.0625,0.99465,0.078431,121
v0000028, 66.9375,0.86377, 0.15784,122
v0000028,   56.25,0.83667, 0.14804,123
v0000028,  55.125,0.89764, 0.14706,124
v0000028,    40.5,0.69951, 0.15392,125
v0000028, 48.9375,0.56885, 0.14118,126
v0000028,107.4375,0.81027, 0.16471,127
v0000028, 69.1875,0.95026, 0.13137,128
v0000028,  19.125,0.62941, 0.16863,129
v0000028, 17.4375, 0.6124, 0.15686,130
v0000028, 59.0625,0.76553, 0.17745,131
v0000028,   42.75,0.79582, 0.13529,132
v0000028, 48.9375,0.83944, 0.16078,133
v0000028,   51.75,0.65354, 0.15294,134
v0000028, 60.1875,0.62646, 0.18824,135
v0000028,  91.125,0.82639,  0.1549,136
v0000028, 71.4375,0.93089, 0.13333,137
v0000028, 47.8125,0.97873,0.097059,138
v0000028,   29.25,0.77526, 0.13039,139
v0000028, 39.9375,0.68893, 0.15098,140
v0000028,  19.125,0.77693, 0.13922,141
v0000028,  39.375,0.61832, 0.17647,142
v0000028,  39.375,0.80275, 0.13431,143
v0000028,  84.375,0.92316, 0.15784,144
v0000028,  39.375,0.63933, 0.16078,145
v0000028, 57.9375,0.91974, 0.16961,146
v0000028, 57.9375,0.96273,0.097059,147
v0000028, 25.3125, 0.7871, 0.15294,148
v0000028,      45,0.75137, 0.15588,149
v0000028, 60.1875,0.87993, 0.15784,150
v0000028, 36.5625,0.48839,     0.2,151
v0000028, 51.1875,0.83646, 0.16569,152
v0000028,   78.75,0.99675,0.061765,153
v0000028,    40.5,0.71585, 0.18039,154
v0000028,  41.625,0.82454, 0.15392,155
v0000028, 34.3125,0.45188, 0.14216,156
v0000028,      27,0.41258, 0.11471,157
v0000028, 55.6875,0.64211, 0.17843,158
v0000028, 54.5625,0.90168, 0.13725,159
v0000028, 59.0625,0.74092, 0.14608,160
v0000028, 66.9375,0.86779, 0.13824,161
v0000028,  64.125,0.89766, 0.13627,162
v0000028, 70.3125,0.77271, 0.17353,163
v0000028, 47.8125, 0.7421, 0.17255,164
v0000028,   47.25, 0.6866, 0.15882,165
v0000028, 102.375,0.74064, 0.15686,166
v0000028,   38.25,0.49446, 0.15196,167
v0000028,    22.5,0.49529, 0.18922,168
v0000031, 23.625, 0.5901,    0.15,  1
v0000031,69.1875,0.90113, 0.13529,  2
v0000031,83.8125,0.78776, 0.19216,  3
v0000031, 41.625,0.85125, 0.13529,  4
v0000031,19.6875,0.64459, 0.16765,  5
v0000031,41.0625,0.69621, 0.14216,  6
v0000031,60.1875, 0.6884, 0.17745,  7
v0000031,  33.75,0.58843, 0.16667,  8
v0000031, 30.375,0.66964, 0.15588,  9
v0000031, 79.875,0.77653, 0.17451, 10
v0000031,33.1875,0.45078, 0.14412, 11
v0000031,   22.5,0.61402, 0.14902, 12
v0000031,61.3125,0.96377, 0.16471, 13
v0000031,37.6875,0.62294, 0.17549, 14
v0000031,   49.5,0.85156, 0.11961, 15
v0000031,56.8125,0.84857, 0.17059, 16
v0000031,54.5625,0.67633, 0.14412, 17
v0000031,60.1875,0.82177, 0.16667, 18
v0000031,45.5625,0.61327,  0.1598, 19
v0000031,57.9375,0.68509, 0.18431, 20
v0000031,  29.25,0.64359, 0.12745, 21
v0000031, 23.625,0.51475, 0.14412, 22
v0000031, 61.875,0.68292, 0.19902, 23
v0000031,  78.75,0.86874, 0.15882, 24
v0000031,  47.25,0.60266,     0.2, 25
v0000031, 34.875, 0.5933, 0.15784, 26
v0000031, 61.875,0.67982,  0.1598, 27
v0000031,62.4375,0.85363, 0.16471, 28
v0000031,92.8125,0.73195, 0.17941, 29
v0000031,     27,0.37426, 0.09902, 30
v0000031, 59.625,0.75697, 0.17255, 31
v0000031,34.3125,0.50807, 0.13333, 32
v0000031,     36,0.56268, 0.16471, 33
v0000031,47.8125,0.70279, 0.16667, 34
v0000031,66.9375,0.85391, 0.16275, 35
v0000031,71.4375,0.85391,    0.15, 36
v0000031,   49.5,0.72264, 0.18235, 37
v0000031,68.0625,0.79368, 0.18529, 38
v0000031, 30.375,0.54648, 0.17157, 39
v0000031,65.8125,0.84756, 0.17059, 40
v0000031,33.1875,0.62074, 0.16667, 41
v0000031,25.3125,0.47172,  0.1549, 42
v0000031,  38.25,0.56667, 0.15294, 43
v0000031,109.125,0.65512, 0.19314, 44
v0000031, 52.875,0.79841,    0.15, 45
v0000031, 73.125,0.81949, 0.17353, 46
v0000031,69.1875,0.74551, 0.18137, 47
v0000031,96.1875,0.82011, 0.17941, 48
v0000031,46.6875,0.54099, 0.18922, 49
v0000031,  42.75,0.62451, 0.15392, 50
v0000031,65.8125,0.76792, 0.18137, 51
v0000031,27.5625,0.59808, 0.17647, 52
v0000031, 43.875,0.60322, 0.17549, 53
v0000031,28.6875,0.56886, 0.16176, 54
v0000031,47.8125,0.58131,  0.1902, 55
v0000031,53.4375, 0.6135, 0.16078, 56
v0000031,36.5625, 0.6686, 0.17451, 57
v0000031,  103.5,0.68755, 0.21078, 58
v0000031,19.6875,0.44975, 0.13725, 59
v0000031,  42.75,0.62616, 0.17549, 60
v0000031,61.3125, 0.7107, 0.17843, 61
v0000031, 52.875,0.45173, 0.13922, 62
v0000031,38.8125,0.58977,    0.15, 63
v0000031,54.5625,0.59806, 0.19216, 64
v0000031,39.9375,0.61027, 0.17255, 65
v0000031,  24.75,0.43841, 0.14608, 66
v0000031,32.0625,0.50065, 0.20196, 67
v0000031,61.3125,0.84501, 0.15784, 68
v0000031, 50.625,0.69669, 0.15196, 69
v0000031, 66.375,0.59179, 0.20098, 70
v0000031,92.8125,0.73428, 0.17843, 71
v0000031, 32.625,0.53448, 0.18922, 72
v0000031, 23.625,0.37031,0.090196, 73
v0000031,52.3125,0.73574, 0.17157, 74
v0000031,39.9375,0.68898, 0.16275, 75
v0000031,66.9375, 0.7476, 0.18431, 76
v0000031,17.4375,0.69602, 0.13431, 77
v0000031,77.0625, 0.6087, 0.17549, 78
v0000031,46.6875,0.54496, 0.18824, 79
v0000031, 39.375,0.44331, 0.12843, 80
v0000031,   31.5,0.60028, 0.14608, 81
v0000031, 73.125,0.88603, 0.14314, 82
v0000031, 48.375,0.67565, 0.17549, 83
v0000031,  38.25,0.44366, 0.16176, 84
v0000031, 39.375,0.47619, 0.19412, 85
v0000031,33.1875,0.57414, 0.18529, 86
v0000031, 57.375,0.67724, 0.16569, 87
v0000031,  20.25,0.48366, 0.11863, 88
v0000031, 52.875,0.61648, 0.18137, 89
v0000031,71.4375,0.94658, 0.14216, 90
v0000031,     45,0.61039, 0.19706, 91
v0000031,80.4375,0.77973, 0.16471, 92
v0000031,25.3125,0.47704,     0.2, 93
v0000031, 75.375,0.66971, 0.18235, 94
v0000031, 61.875,0.82681, 0.15784, 95
v0000031, 70.875,0.72334, 0.17941, 96
v0000031,46.6875,0.60695, 0.17745, 97
v0000031,43.3125,0.66045, 0.17843, 98
v0000031,   76.5,0.82151, 0.16275, 99
v0000031,61.3125,0.63925, 0.18333,100
v0000031,53.4375, 0.6329, 0.18627,101
v0000031, 46.125,0.60201, 0.20196,102
v0000031,18.5625,0.41509,0.084314,103
v0000031,21.9375,0.36621, 0.11765,104
v0000031,   49.5,0.58458, 0.19412,105
v0000031, 43.875,0.66224, 0.20294,106
v0000031, 43.875,0.50337, 0.18333,107
v0000031,  38.25,0.58316, 0.18039,108
v0000031,     54,0.69935, 0.18529,109
v0000031,     27,0.48056, 0.14804,110
v0000031,52.3125,0.75484, 0.17157,111
v0000031,48.9375,0.60586, 0.16765,112
v0000031,61.3125,0.75323, 0.19118,113
v0000031, 30.375,0.51983, 0.19902,114
v0000031, 59.625,0.61602, 0.22059,115
v0000031,61.3125,0.83526, 0.19216,116
v0000031,72.5625,0.78076, 0.18235,117
v0000031,46.6875,0.69728, 0.18039,118
v0000031,   58.5,0.68137, 0.18137,119
v0000031, 50.625,0.73194, 0.18529,120
v0000031,56.8125,0.64213, 0.18725,121
v0000031,54.5625,0.66501, 0.18824,122
v0000031,32.0625,0.54138, 0.17843,123
v0000031,38.8125,0.44962, 0.12941,124
v0000031,  33.75,0.57261, 0.16667,125
v0000031,41.0625,0.52189, 0.11471,126
v0000031,43.3125,  0.633, 0.17451,127
v0000031,38.8125,0.57386, 0.15686,128
v0000031,28.6875,0.56363, 0.17647,129
v0000031, 82.125,0.85254, 0.13824,130
v0000031,66.9375,0.76398, 0.17451,131
v0000031, 16.875,0.62627,  0.1598,132
v0000031,37.6875,0.48171, 0.18431,133
v0000031,52.3125,0.75825, 0.17647,134
v0000031,65.8125,0.55636,  0.2098,135
v0000031,56.8125,0.58082, 0.19608,136
v0000031,   58.5,0.69106, 0.17451,137
v0000031,61.3125,0.63368,     0.2,138
v0000031,53.4375, 0.5754, 0.18333,139
v0000031,17.4375,0.47717, 0.14216,140
v0000031,35.4375,0.41718, 0.16078,141
v0000031,29.8125,0.49071, 0.20686,142
v0000031,  20.25,0.36068,0.076471,143
v0000031, 64.125,0.69353, 0.20882,144
v0000032,41.0625,0.45265, 0.20098,  1
v0000032,28.6875,0.36578, 0.18235,  2
v0000032,     36,0.31238, 0.21176,  3
v0000032,48.9375,0.81515, 0.18039,  4
v0000032, 39.375,0.49445,  0.1902,  5
v0000032,16.3125,0.24273,0.083333,  6
v0000032,72.5625,0.62912, 0.19412,  7
v0000032,  60.75,0.61993, 0.18725,  8
v0000032,57.9375,0.59516, 0.20294,  9
v0000032,39.9375,0.59094, 0.17059, 10
v0000032, 61.875,0.80891, 0.21176, 11
v0000032,  42.75,0.48318, 0.20098, 12
v0000032,43.3125,0.59862, 0.18333, 13
v0000032,  69.75,0.70844, 0.19608, 14
v0000032,57.9375,0.44991, 0.13529, 15
v0000032,52.3125,0.58398, 0.20392, 16
v0000032,56.8125,0.65036, 0.19216, 17
v0000032,  51.75,0.54071, 0.18039, 18
v0000032, 21.375,0.44644, 0.19118, 19
v0000032,78.1875,0.49858, 0.18137, 20
v0000032,69.1875, 0.7941, 0.18333, 21
v0000032,48.9375,0.41271, 0.20098, 22
v0000032,42.1875,0.52486, 0.17059, 23
v0000032, 77.625, 0.7044, 0.18922, 24
v0000032, 61.875,0.66799, 0.18431, 25
v0000032,  33.75, 0.5483, 0.18627, 26
v0000032,20.8125,0.44748, 0.11765, 27
v0000032,     54,0.73035, 0.18039, 28
v0000032,57.9375,0.67531, 0.18725, 29
v0000032, 19.125,0.56759, 0.13431, 30
v0000032,56.8125,0.60524,  0.1902, 31
v0000032,  47.25,0.60556, 0.19314, 32
v0000032,50.0625,0.46067, 0.10882, 33
v0000032,73.6875,0.68313, 0.20196, 34
v0000032,  65.25,0.57113, 0.19902, 35
v0000032,44.4375,0.42552, 0.15784, 36
v0000032,78.1875,0.76693,    0.15, 37
v0000032,     36, 0.4962,  0.1451, 38
v0000032,24.1875,0.41332,     0.2, 39
v0000032, 86.625, 0.5287,  0.1598, 40
v0000032,48.9375,0.50011, 0.16961, 41
v0000032,  20.25,0.60534, 0.16275, 42
v0000032,54.5625,0.61088, 0.18627, 43
v0000032, 41.625,0.51505, 0.19314, 44
v0000032,17.4375, 0.6783, 0.14314, 45
v0000032,21.9375,0.44324, 0.20882, 46
v0000032,63.5625, 0.7214, 0.17451, 47
v0000032,38.8125,0.46877, 0.14706, 48
v0000032,37.6875, 0.4175, 0.18529, 49
v0000032,21.9375,0.21931,0.065686, 50
v0000032,45.5625,0.41336, 0.15784, 51
v0000032,69.1875,0.61664, 0.18137, 52
v0000032,  65.25,0.75568, 0.18039, 53
v0000032,74.8125,0.75887, 0.16569, 54
v0000032, 64.125,0.79763, 0.16765, 55
v0000032,37.6875,0.47925, 0.16765, 56
v0000032,42.1875,0.57203, 0.18627, 57
v0000032,64.6875,0.48089, 0.18333, 58
v0000032,72.5625,0.59383, 0.18431, 59
v0000032,  33.75,0.32614, 0.10784, 60
v0000032,29.8125,0.68546, 0.18137, 61
v0000032,34.3125,0.43787, 0.17843, 62
v0000032,72.5625,0.43663,  0.1598, 63
v0000032, 21.375,0.52343, 0.12157, 64
v0000032,35.4375,0.62845, 0.18922, 65
v0000032,79.3125,0.75436, 0.19804, 66
v0000032,28.6875,0.47782, 0.19118, 67
v0000032,  20.25,0.50163, 0.18627, 68
v0000032,55.6875,0.43688, 0.17157, 69
v0000032,48.9375,0.46649, 0.19608, 70
v0000032,  69.75,0.75319, 0.15882, 71
v0000032, 23.625,0.50598, 0.18627, 72
v0000032,28.6875,0.38085, 0.11078, 73
v0000032, 32.625,0.62197, 0.18235, 74
v0000032, 68.625,0.53545, 0.20882, 75
v0000032,32.0625,0.48201, 0.17451, 76
v0000032,46.6875,0.36438, 0.10784, 77
v0000032,53.4375,0.75298, 0.16275, 78
v0000032,  56.25,0.62443, 0.19314, 79
v0000032,61.3125,0.56686, 0.18529, 80
v0000032,  33.75,0.55464, 0.16373, 81
v0000032,   22.5,0.38176, 0.18137, 82
v0000032,73.6875,0.61464,  0.1902, 83
v0000032,   31.5,0.46597, 0.10882, 84
v0000032,     54,0.67994, 0.18333, 85
v0000032, 55.125,0.69968, 0.18529, 86
v0000032,  20.25,0.45534, 0.19804, 87
v0000032, 28.125,0.35231,  0.1049, 88
v0000032,19.6875,0.39317,0.096078, 89
v0000032, 48.375,0.52193,     0.2, 90
v0000032, 28.125, 0.5589, 0.16765, 91
v0000032,47.8125,0.57924, 0.17451, 92
v0000032, 23.625,0.48571, 0.19118, 93
v0000032,   40.5,0.58922, 0.19706, 94
v0000032,47.8125,0.57084, 0.21275, 95
v0000032, 16.875,0.50275, 0.18235, 96
v0000032, 57.375,0.48758,  0.2098, 97
v0000032,37.6875,0.35903, 0.20686, 98
v0000032,33.1875,0.63543, 0.19412, 99
v0000032,55.6875,0.58717, 0.21373,100
v0000032, 37.125,0.47166, 0.19804,101
v0000032,69.1875,0.56993,     0.2,102
v0000032, 21.375,0.46863, 0.11569,103
v0000032, 37.125,0.54807, 0.20882,104
v0000032,17.4375,0.51233,  0.1549,105
v0000032,   58.5,0.65946,     0.2,106
v0000032,25.3125,0.51181, 0.16961,107
v0000032,20.8125,0.40615, 0.10686,108
v0000032,34.3125,0.54195, 0.15098,109
v0000032,45.5625,0.52234, 0.22059,110
v0000032,61.3125,0.64918, 0.19118,111
v0000032,62.4375,0.53768, 0.19902,112
v0000032,61.3125,0.52114,  0.1951,113
v0000032,  20.25,0.55512, 0.20098,114
v0000032,28.6875,0.42414, 0.19412,115
v0000032,30.9375,0.40264, 0.13137,116
v0000032,52.3125,0.69538, 0.20098,117
v0000032,     54,0.61569, 0.20686,118
v0000032, 21.375,0.72642, 0.18627,119
v0000032, 59.625,0.45638, 0.17745,120
v0000032,19.6875,0.28874, 0.11373,121
v0000032,71.4375,0.69347, 0.18039,122
v0000032, 84.375, 0.6772, 0.20686,123
v0000032,18.5625,0.28925, 0.18627,124
v0000032,21.9375,0.43007,0.092157,125
v0000032, 30.375,0.51772,0.091176,126
v0000032,20.8125,0.47917, 0.15588,127
v0000032,  51.75,0.54297, 0.18333,128
v0000032, 55.125,0.49836, 0.19216,129
v0000032, 55.125,0.74098, 0.16471,130
v0000032,35.4375,0.48298, 0.19118,131
v0000032,81.5625,0.79113, 0.17941,132
v0000032,62.4375,0.71291, 0.18922,133
v0000032,   31.5,0.58116, 0.15686,134
v0000032,  74.25,0.78111,  0.1902,135
v0000032, 59.625,0.69645, 0.19314,136
v0000032,45.5625,0.60252, 0.19412,137
v0000032,69.1875,0.48337, 0.20588,138
v0000032,63.5625,0.68037, 0.17451,139
v0000033,  48.375,0.67387, 0.17353,  1
v0000033,  50.625,0.35691, 0.15392,  2
v0000033, 39.9375,0.63988, 0.16961,  3
v0000033,  37.125,0.50131, 0.17353,  4
v0000033, 78.1875,0.75604, 0.19706,  5
v0000033, 24.1875,0.31856,0.085294,  6
v0000033,  23.625,0.39076, 0.16373,  7
v0000033,   60.75,0.69829, 0.17843,  8
v0000033,  75.375,0.56017, 0.19608,  9
v0000033,  59.625,0.29748, 0.10196, 10
v0000033,  48.375,0.56507, 0.19608, 11
v0000033,   47.25,0.40313, 0.20784, 12
v0000033, 37.6875,0.32251, 0.19118, 13
v0000033,    40.5,0.44406, 0.13235, 14
v0000033,   29.25,0.43688, 0.15784, 15
v0000033, 24.1875, 0.4985, 0.11569, 16
v0000033,  32.625,0.38587, 0.10294, 17
v0000033, 37.6875,0.53954, 0.18725, 18
v0000033, 41.0625,0.48235, 0.19804, 19
v0000033, 36.5625,0.51415, 0.11471, 20
v0000033,   29.25,0.41923,  0.1951, 21
v0000033, 28.6875,0.41138, 0.10196, 22
v0000033, 64.6875,0.52276, 0.21569, 23
v0000033, 33.1875, 0.4874, 0.17451, 24
v0000033,   20.25,0.36972, 0.12451, 25
v0000033, 36.5625,0.41653, 0.16667, 26
v0000033,  23.625,0.39729, 0.13725, 27
v0000033,      36,0.40245, 0.14608, 28
v0000033, 71.4375,0.80219, 0.18529, 29
v0000033,  48.375,0.57679, 0.20098, 30
v0000033,    22.5,0.43882, 0.18333, 31
v0000033, 52.3125, 0.6269, 0.20588, 32
v0000033, 38.8125,0.52714, 0.17941, 33
v0000033,  105.75,0.90726, 0.12549, 34
v0000033, 52.3125,0.62787, 0.17843, 35
v0000033, 63.5625,0.69238,  0.2098, 36
v0000033,   33.75,0.26353, 0.12647, 37
v0000033, 70.3125,0.68649, 0.18627, 38
v0000033, 71.4375,0.57616, 0.22549, 39
v0000033,      18,0.31385,0.090196, 40
v0000033,    76.5,0.63619, 0.18627, 41
v0000033,    58.5,0.59385, 0.20294, 42
v0000033,   65.25, 0.6833, 0.18333, 43
v0000033, 48.9375,0.48979, 0.19118, 44
v0000033,   38.25,0.45842, 0.13725, 45
v0000033,   56.25, 0.7582, 0.17941, 46
v0000033,  39.375,0.58286, 0.12549, 47
v0000033,    67.5,0.69503, 0.19314, 48
v0000033, 24.1875,0.44186,  0.1902, 49
v0000033,  59.625,0.82042, 0.17059, 50
v0000033, 48.9375,0.61167, 0.18824, 51
v0000033, 21.9375,0.46637, 0.12451, 52
v0000033, 62.4375,0.71312, 0.20392, 53
v0000033,      27,0.36168,0.087255, 54
v0000033,    58.5,0.52541, 0.19216, 55
v0000033, 60.1875,0.65963, 0.19412, 56
v0000033,      45,0.52422, 0.18137, 57
v0000033, 36.5625,0.52241, 0.19706, 58
v0000033, 18.5625,0.47475, 0.18627, 59
v0000033, 27.5625,0.32245,0.089216, 60
v0000033,  59.625,0.43881, 0.22451, 61
v0000033, 46.6875,0.48826, 0.15098, 62
v0000033,   33.75,0.61216, 0.19118, 63
v0000033,  52.875,0.71222, 0.19118, 64
v0000033,  19.125,0.41453, 0.11078, 65
v0000033, 17.4375,0.26312,0.067647, 66
v0000033, 42.1875,0.62939, 0.16667, 67
v0000033, 23.0625,0.42525, 0.13235, 68
v0000033,  23.625,0.36116,0.090196, 69
v0000033, 80.4375,0.69598, 0.18922, 70
v0000033, 41.0625,0.64475, 0.16961, 71
v0000033, 64.6875,0.55093, 0.19706, 72
v0000033, 46.6875,0.55379, 0.18039, 73
v0000033, 59.0625,0.51563, 0.19314, 74
v0000033,    31.5,0.40189, 0.09902, 75
v0000033, 73.6875, 0.6176, 0.19314, 76
v0000033, 48.9375, 0.5492, 0.17843, 77
v0000033,   56.25,0.45263, 0.17843, 78
v0000033,  73.125,0.67722,  0.2049, 79
v0000033,    49.5,0.66992,  0.1951, 80
v0000033, 57.9375,0.46621,     0.2, 81
v0000033, 47.8125,0.66219, 0.17255, 82
v0000033,  73.125,0.83599, 0.15392, 83
v0000033, 36.5625,0.28591,  0.1098, 84
v0000033,  39.375,0.62644, 0.18725, 85
v0000033, 21.9375,0.83831, 0.16275, 86
v0000033,   24.75,0.62353, 0.16667, 87
v0000033, 62.4375,0.57972, 0.18529, 88
v0000033,  61.875,0.49433,  0.1902, 89
v0000033, 16.3125, 0.3332,0.090196, 90
v0000033, 41.0625,0.70604, 0.19314, 91
v0000033, 56.8125,0.66348, 0.18529, 92
v0000033, 44.4375,0.58615, 0.19804, 93
v0000033, 64.6875,0.57644, 0.20098, 94
v0000033,    22.5,0.29912,0.087255, 95
v0000033,   42.75,0.86723, 0.11961, 96
v0000033, 43.3125,0.52875, 0.18137, 97
v0000033, 54.5625,0.61613, 0.18529, 98
v0000033,   33.75,0.72817, 0.13725, 99
v0000033,   60.75,0.55704, 0.20784,100
v0000033, 64.6875,0.57927, 0.18922,101
v0000033,   33.75,0.91046,0.097059,102
v0000033,  39.375,0.57361,  0.2049,103
v0000033,   24.75,0.43993,     0.2,104
v0000033, 27.5625,0.32997,0.097059,105
v0000033, 38.8125,0.54027, 0.18235,106
v0000033,    31.5,0.47486, 0.19412,107
v0000033, 46.6875,0.53508,  0.1951,108
v0000033,  64.125,0.76739, 0.19314,109
v0000033, 27.5625,0.46347, 0.11471,110
v0000033,   47.25,0.82894, 0.17647,111
v0000033,  46.125,0.68465, 0.15784,112
v0000033,   29.25, 0.4316, 0.10588,113
v0000033, 70.3125,0.59987, 0.20392,114
v0000033,   60.75,0.48922, 0.21471,115
v0000033,  43.875,0.55631, 0.21078,116
v0000033,  30.375,0.48489,     0.2,117
v0000033,   51.75,0.67801, 0.19314,118
v0000033,110.8125, 0.6458, 0.18627,119
v0000033, 27.5625,0.33878, 0.15588,120
v0000046,17.4375,0.57432, 0.20196,  1
v0000046,  60.75,0.71275, 0.16078,  2
v0000046,  42.75,0.49474, 0.16078,  3
v0000046,     36,0.39804, 0.17549,  4
v0000046,18.5625,0.52561,0.093137,  5
v0000046,33.1875,0.45743, 0.19804,  6
v0000046, 68.625,0.68258, 0.16765,  7
v0000046,52.3125,0.70993, 0.15294,  8
v0000046,33.1875,0.77667, 0.18824,  9
v0000046,   58.5,0.51508, 0.19216, 10
v0000046,     27,0.55547, 0.19804, 11
v0000046, 32.625,0.53773, 0.17843, 12
v0000046,  38.25,0.62739, 0.16667, 13
v0000046, 43.875,0.45249, 0.14118, 14
v0000046,51.1875,0.72471, 0.18431, 15
v0000046,71.4375,0.63912, 0.16569, 16
v0000046, 34.875, 0.5494, 0.19412, 17
v0000046,35.4375,0.56576,    0.15, 18
v0000046,24.1875,0.48874, 0.16961, 19
v0000046,     36,0.70619, 0.13137, 20
v0000046,34.3125, 0.5883,  0.2098, 21
v0000046, 66.375,0.69545, 0.18627, 22
v0000046,   40.5,0.55937, 0.15588, 23
v0000046, 25.875,0.47724, 0.11471, 24
v0000046,61.3125,0.52027, 0.19608, 25
v0000046, 55.125,0.59308, 0.17941, 26
v0000046,28.6875,0.49058, 0.19412, 27
v0000046,21.9375,0.65259, 0.14118, 28
v0000046,  42.75,0.60877, 0.18824, 29
v0000046, 68.625,0.83584, 0.15588, 30
v0000046, 28.125,0.42847, 0.12941, 31
v0000046,80.4375,0.57518, 0.17647, 32
v0000046,  51.75,0.44288, 0.20196, 33
v0000046,60.1875, 0.6855, 0.16275, 34
v0000046,  33.75,0.62634, 0.16765, 35
v0000046,17.4375,0.54118,0.096078, 36
v0000046,19.6875,0.57098, 0.17647, 37
v0000046,19.6875,0.38006, 0.10196, 38
v0000046,79.3125,0.67465, 0.18922, 39
v0000046,39.9375,0.50566, 0.16667, 40
v0000046,79.3125,0.77594, 0.19804, 41
v0000046,66.9375,0.68502, 0.18235, 42
v0000046,  20.25,0.68159,    0.15, 43
v0000046,66.9375,0.77064, 0.18235, 44
v0000046,     36, 0.3296,     0.2, 45
v0000046,   22.5,0.38333, 0.10784, 46
v0000046,72.5625,0.77981, 0.19804, 47
v0000046,18.5625,0.47106, 0.14412, 48
v0000046,60.1875,0.62969, 0.18333, 49
v0000046,61.3125, 0.6685, 0.19706, 50
v0000046,61.3125,0.60335, 0.21176, 51
v0000046, 32.625,0.52941, 0.16471, 52
v0000046,  29.25,0.68944, 0.13235, 53
v0000046, 61.875,0.56292,  0.1902, 54
v0000046,54.5625,0.75153, 0.17157, 55
v0000046,68.0625,0.69165, 0.19314, 56
v0000046,44.4375,0.53497,  0.1451, 57
v0000046,     45,0.50412, 0.17255, 58
v0000046,55.6875,0.71048, 0.17647, 59
v0000046,98.4375,0.75738, 0.18529, 60
v0000046,39.9375, 0.3599, 0.12549, 61
v0000046, 43.875,0.59211, 0.16275, 62
v0000046,18.5625,0.42507, 0.14608, 63
v0000046, 21.375,0.86625, 0.13824, 64
v0000046, 52.875,0.66421, 0.16275, 65
v0000046,     63,0.56061, 0.19902, 66
v0000046,   31.5,0.49202, 0.13922, 67
v0000046, 1.6875,0.61176,0.065686, 68
v0000046, 46.125,0.49259, 0.19804, 69
v0000046,27.5625,0.52341, 0.16863, 70
v0000046,   31.5,0.46891, 0.12255, 71
v0000046,   22.5,0.47353, 0.12255, 72
v0000046,57.9375,0.54476, 0.21078, 73
v0000046, 48.375,0.48039, 0.21863, 74
v0000046,   76.5, 0.4141, 0.12157, 75
v0000046,   49.5,0.58797, 0.20588, 76
v0000046,  38.25,0.83137, 0.12941, 77
v0000046,57.9375,0.76985, 0.19118, 78
v0000046, 50.625,0.42166, 0.21275, 79
v0000046, 59.625,0.56056, 0.20784, 80
v0000046, 19.125,0.31845,0.077451, 81
v0000046,   58.5,0.80698, 0.17745, 82
v0000046,     27,0.40523,0.097059, 83
v0000046,   31.5, 0.5813, 0.18922, 84
v0000046,  74.25,0.76135, 0.16078, 85
v0000046, 68.625,0.57146, 0.21176, 86
v0000046,23.0625,0.55122, 0.17255, 87
v0000046,71.4375,0.53207,  0.1598, 88
v0000046,   58.5,0.61373, 0.17647, 89
v0000046, 28.125,0.56345, 0.18137, 90
v0000046,   31.5,0.36317, 0.11471, 91
v0000046,32.0625,0.46495, 0.19804, 92
v0000046,55.6875,0.78289, 0.15784, 93
v0000046, 52.875,0.51819,  0.1951, 94
v0000046,     63,0.76555, 0.17647, 95
v0000046,79.3125,0.73865, 0.18922, 96
v0000046, 50.625,0.48985, 0.20392, 97
v0000046,51.1875,0.69588, 0.15686, 98
v0000046,   40.5,0.48622, 0.20098, 99
v0000046,17.4375,0.42935, 0.13333,100
v0000046, 34.875,0.49266,  0.1951,101
v0000046,46.6875,0.44366, 0.20588,102
v0000046,   67.5, 0.6719, 0.19412,103
v0000046, 55.125,0.54482, 0.16275,104
v0000046,  47.25,0.47666, 0.18824,105
v0000046, 52.875, 0.4232, 0.19902,106
v0000046,18.5625, 0.4934, 0.13039,107
v0000046,43.3125,  0.403, 0.20686,108
v0000046,  47.25,0.37138, 0.18137,109
v0000046, 64.125, 0.5603, 0.20294,110
v0000046,     45,0.40265, 0.14608,111
v0000047,28.6875,0.34318, 0.13235,  1
v0000047,  56.25,0.75165, 0.18529,  2
v0000047,     45,0.49794, 0.13725,  3
v0000047,  29.25,0.50611,  0.1451,  4
v0000047,26.4375,0.51865, 0.17353,  5
v0000047,62.4375,0.63678, 0.18824,  6
v0000047,27.5625,0.37631,0.087255,  7
v0000047, 64.125,0.77193, 0.17157,  8
v0000047,     27,0.33113,0.086275,  9
v0000047,  56.25,0.66298, 0.20098, 10
v0000047, 23.625,0.47638, 0.19902, 11
v0000047,   58.5,0.61708, 0.21961, 12
v0000047, 39.375,0.44969, 0.14608, 13
v0000047,  33.75,0.60523, 0.13431, 14
v0000047,47.8125, 0.5773,  0.1902, 15
v0000047, 46.125,0.80038, 0.18627, 16
v0000047, 48.375,0.75098, 0.16078, 17
v0000047, 64.125,0.61689, 0.18725, 18
v0000047,  24.75,0.52977,     0.2, 19
v0000047, 21.375,0.39319, 0.11078, 20
v0000047,  24.75,0.33627, 0.12549, 21
v0000047,51.1875,0.61487, 0.19706, 22
v0000047,38.8125,0.43126, 0.11765, 23
v0000047,  56.25,0.44867, 0.14412, 24
v0000047,47.8125,0.68406, 0.19706, 25
v0000047, 21.375,0.45026, 0.18431, 26
v0000047, 32.625,0.57005, 0.17745, 27
v0000047,87.1875,0.66302, 0.18235, 28
v0000047, 43.875, 0.5817, 0.18922, 29
v0000047,29.8125,0.51476, 0.13824, 30
v0000047, 28.125,0.46957, 0.10392, 31
v0000047,70.3125,0.76216, 0.17549, 32
v0000047,87.1875, 0.6234, 0.16078, 33
v0000047,   67.5,0.62235, 0.19706, 34
v0000047, 55.125,0.78231, 0.15686, 35
v0000047, 6.1875,0.54652,0.068627, 36
v0000047, 30.375,0.56049, 0.16961, 37
v0000047,    108,0.63562, 0.16961, 38
v0000047,46.6875,0.57524, 0.18039, 39
v0000047, 23.625, 0.4577, 0.15784, 40
v0000047,  51.75,0.47583, 0.17353, 41
v0000047,  33.75,0.62601, 0.18333, 42
v0000047, 30.375,0.64481, 0.15882, 43
v0000047, 52.875,0.52499, 0.12451, 44
v0000047,  42.75,0.59598, 0.18137, 45
v0000047,69.1875,0.58728, 0.15588, 46
v0000047,20.8125,0.51002, 0.18627, 47
v0000047,71.4375,0.71088, 0.18725, 48
v0000047,44.4375,0.88414, 0.10882, 49
v0000047,16.3125,0.60297, 0.14118, 50
v0000047,  38.25,0.61782, 0.17059, 51
v0000047,  56.25,0.60157, 0.17941, 52
v0000047,84.9375,0.77356, 0.17255, 53
v0000047,66.9375,0.69194, 0.19118, 54
v0000047,59.0625,0.52949, 0.19804, 55
v0000047, 25.875,0.44305,  0.2049, 56
v0000047,56.8125,0.76195, 0.18235, 57
v0000047,   40.5,0.57217, 0.20686, 58
v0000047,39.9375,0.51787, 0.18627, 59
v0000047, 93.375,0.68207, 0.16765, 60
v0000047, 25.875,0.52344, 0.14608, 61
v0000047, 73.125,0.84437, 0.16275, 62
v0000047, 61.875,0.78267, 0.18922, 63
v0000047,37.6875, 0.4405, 0.13922, 64
v0000047,63.5625,0.87038,  0.1451, 65
v0000047,  29.25,0.46998, 0.10098, 66
v0000047,64.6875,0.71192, 0.18137, 67
v0000047,66.9375,0.77815, 0.17843, 68
v0000047,43.3125,0.54179, 0.18039, 69
v0000047,99.5625, 0.5459, 0.17941, 70
v0000047, 32.625,0.70243, 0.17549, 71
v0000047,21.9375, 0.5634,    0.15, 72
v0000047,68.0625,0.55738, 0.19902, 73
v0000047,32.0625,0.62243, 0.15392, 74
v0000047,33.1875,0.66348, 0.16275, 75
v0000047,   22.5,0.53608, 0.13824, 76
v0000047,  24.75,0.46444, 0.19216, 77
v0000047,  60.75,0.71906,  0.1951, 78
v0000047,62.4375,0.66836, 0.18235, 79
v0000047,  56.25,0.72773, 0.17451, 80
v0000047,   58.5,0.63145, 0.18529, 81
v0000047, 48.375,0.48582,  0.2049, 82
v0000047, 21.375,0.33911, 0.21275, 83
v0000047, 52.875,0.61314, 0.19706, 84
v0000047, 37.125,0.58099, 0.17549, 85
v0000047,62.4375, 0.6189, 0.18725, 86
v0000047, 46.125,0.42468, 0.19608, 87
v0000047,     45,0.49828, 0.19706, 88
v0000047, 59.625,0.68972, 0.17745, 89
v0000047,   22.5,0.58716, 0.15392, 90
v0000047,56.8125,0.60458, 0.16275, 91
v0000047,32.0625,0.50079, 0.18039, 92
v0000047, 97.875,0.71156, 0.16176, 93
v0000047,30.9375,0.53112, 0.18824, 94
v0000047,  29.25, 0.3822, 0.13431, 95
v0000047,   49.5,0.70646, 0.16863, 96
v0000047,66.9375,0.45718, 0.21078, 97
v0000047,18.5625,0.49055, 0.12745, 98
v0000047,66.9375,0.68506,  0.2049, 99
v0000047,21.9375, 0.4733, 0.11863,100
v0000047,42.1875,0.47671, 0.18529,101
v0000047,53.4375,0.57094, 0.19902,102
v0000047,18.5625,0.55199, 0.17843,103
v0000047,56.8125,0.58847, 0.21275,104
v0000047,20.8125, 0.3912, 0.11863,105
v0000047,   31.5,0.47801, 0.13039,106
v0000047, 19.125,0.56701, 0.17353,107
v0000047,  38.25,0.45923, 0.13235,108
v0000047,  42.75,0.35676, 0.20196,109
v0000047,36.5625,0.46474, 0.19608,110
v0000047, 57.375,0.63322, 0.17059,111
v0000047,26.4375,0.60192, 0.14804,112
v0000047, 57.375,0.59423, 0.19216,113
v0000047,64.6875,0.56171, 0.19706,114
v0000047,  24.75, 0.3926,     0.2,115
v0000047,     18,0.43738, 0.15882,116
v0000047, 30.375,0.47473, 0.15588,117
v0000047,57.9375,0.76916, 0.16275,118
v0000047,34.3125,0.37345,0.095098,119
v0000047,     18,0.35306,0.060784,120
v0000047,54.5625,0.45502,  0.2049,121
v0000047,  51.75,0.68372,  0.1902,122
v0000047, 66.375,0.65613, 0.21275,123
v0000047,61.3125,0.54988, 0.19608,124
v0000047,66.9375,  0.736, 0.19216,125
v0000047, 95.625, 0.4815, 0.17353,126
v0000047, 57.375,0.77155, 0.17745,127
v0000047, 64.125,0.63467, 0.21275,128
v0000048, 63.5625,0.84022, 0.16078,  1
v0000048,  48.375,0.65326, 0.18235,  2
v0000048,   24.75,0.50303, 0.13824,  3
v0000048, 69.1875,0.83488, 0.18333,  4
v0000048, 61.3125,0.72333, 0.19118,  5
v0000048, 62.4375,0.77647, 0.17353,  6
v0000048,  68.625, 0.7469, 0.20784,  7
v0000048,  61.875, 0.8349, 0.16765,  8
v0000048, 45.5625,0.85839, 0.15784,  9
v0000048, 64.6875,0.73125, 0.17157, 10
v0000048,   51.75,0.64297, 0.18529, 11
v0000048, 55.6875, 0.6429, 0.15784, 12
v0000048, 19.6875,0.52134, 0.17157, 13
v0000048, 95.0625,0.80995, 0.17157, 14
v0000048, 62.4375,0.66536, 0.17059, 15
v0000048, 87.1875,0.78684, 0.17745, 16
v0000048,  64.125,0.78524, 0.17157, 17
v0000048, 37.6875,0.65549, 0.16863, 18
v0000048, 46.6875,0.78238, 0.16961, 19
v0000048, 45.5625,0.60228, 0.18725, 20
v0000048, 36.5625,0.86956, 0.13235, 21
v0000048, 34.3125,0.57544, 0.17157, 22
v0000048, 23.0625,0.46695, 0.14804, 23
v0000048,    49.5,0.79639, 0.15686, 24
v0000048,  46.125,0.72439, 0.16569, 25
v0000048, 17.4375,0.45022,  0.1402, 26
v0000048,  19.125,0.42284, 0.14216, 27
v0000048,    58.5,0.76029, 0.19804, 28
v0000048, 34.3125,0.71913,  0.1402, 29
v0000048,      72,0.64975, 0.17255, 30
v0000048, 48.9375,0.76439, 0.15392, 31
v0000048, 45.5625,0.86216, 0.15392, 32
v0000048,  55.125,0.63758, 0.19608, 33
v0000048, 26.4375,0.60175, 0.18137, 34
v0000048, 73.6875,0.82066, 0.17255, 35
v0000048, 41.0625,0.76954, 0.16373, 36
v0000048,   20.25,0.61198,  0.1549, 37
v0000048,   60.75,0.62549, 0.18137, 38
v0000048,  77.625,0.77087, 0.18627, 39
v0000048,   74.25,0.82365, 0.16471, 40
v0000048,  64.125,0.79267, 0.16765, 41
v0000048, 70.3125,0.83366, 0.15686, 42
v0000048, 99.5625,0.90901, 0.12255, 43
v0000048,      36,0.71097, 0.19118, 44
v0000048,    76.5,0.83691, 0.17059, 45
v0000048,   47.25,0.56718, 0.19314, 46
v0000048,      45,0.80314, 0.14902, 47
v0000048, 71.4375,0.94951,  0.1402, 48
v0000048, 60.1875,0.69082, 0.18137, 49
v0000048, 120.375,0.74363, 0.17941, 50
v0000048,    49.5,0.51876, 0.16176, 51
v0000048,  37.125,0.71806,    0.15, 52
v0000048,  59.625, 0.8633,  0.1549, 53
v0000048, 53.4375,0.83959, 0.16569, 54
v0000048, 83.8125,0.87219, 0.13529, 55
v0000048,  46.125,0.66887, 0.17647, 56
v0000048, 33.1875,0.74849, 0.14706, 57
v0000048, 66.9375,0.58128, 0.16373, 58
v0000048, 65.8125,0.91657, 0.16176, 59
v0000048,   51.75,0.66394, 0.18235, 60
v0000048,118.6875,0.78192,  0.1598, 61
v0000048,      36,0.71219, 0.17255, 62
v0000048, 18.5625,0.73654, 0.15392, 63
v0000048, 41.0625,0.64926, 0.17843, 64
v0000048, 70.3125,0.90911, 0.15588, 65
v0000048,  61.875,0.79686, 0.17255, 66
v0000048, 56.8125,0.74805, 0.17549, 67
v0000048,   60.75,0.86805, 0.13922, 68
v0000048,    49.5,0.82206, 0.15098, 69
v0000048, 20.8125,0.63508, 0.15686, 70
v0000048, 63.5625,0.57276,  0.1951, 71
v0000048,  16.875,0.62993, 0.16569, 72
v0000048, 62.4375,0.49458, 0.19608, 73
v0000048, 39.9375,0.83623, 0.19216, 74
v0000048, 33.1875,0.55201, 0.15588, 75
v0000048, 35.4375,0.72039, 0.14706, 76
v0000048, 46.6875, 0.8429, 0.14902, 77
v0000048, 39.9375, 0.7831,  0.1402, 78
v0000048,  61.875,0.74078, 0.17745, 79
v0000048,    67.5,0.84765,  0.1598, 80
v0000048,  64.125,0.74424, 0.19314, 81
v0000048,   24.75,0.54011, 0.13039, 82
v0000048, 23.0625,0.56767, 0.14608, 83
v0000048, 80.4375, 0.8758, 0.17059, 84
v0000048, 30.9375,0.59922, 0.17157, 85
v0000048, 56.8125,0.69222, 0.17941, 86
v0000048,      81,0.84747, 0.17941, 87
v0000048, 25.3125,0.47843,  0.1402, 88
v0000048, 18.5625,0.51171, 0.14608, 89
v0000048,  59.625,0.60551, 0.16373, 90
v0000048, 17.4375, 0.3709, 0.10686, 91
v0000048, 32.0625,0.65394, 0.17941, 92
v0000048,   60.75,0.83489, 0.17157, 93
v0000048,  37.125,0.66833, 0.17745, 94
v0000048, 45.5625,0.49925, 0.16373, 95
v0000048,  70.875,0.81892, 0.16373, 96
v0000048,  39.375, 0.6893, 0.18824, 97
v0000048,  46.125,0.53295, 0.20686, 98
v0000048, 55.6875,0.80883, 0.17549, 99
v0000048,   60.75,0.89626, 0.15098,100
v0000048,  46.125,0.49364, 0.17353,101
v0000048,  52.875,0.53571, 0.18235,102
v0000048,   60.75,0.87916, 0.14902,103
v0000048, 48.9375,0.69069, 0.20098,104
v0000048,  61.875,0.79504, 0.17157,105
v0000048, 54.5625, 0.6283, 0.20294,106
v0000048,  70.875,0.79577, 0.14706,107
v0000048,  32.625,0.62502,  0.1598,108
v0000048, 53.4375,0.75719,  0.1951,109
v0000048,   24.75,0.61462, 0.18529,110
v0000048, 43.3125,0.63468, 0.15784,111
v0000048, 71.4375,0.82226, 0.18922,112
v0000048, 41.0625,0.64615, 0.17157,113
v0000048, 74.8125,0.72095, 0.17745,114
v0000048, 16.3125,0.40446,0.084314,115
v0000048,      54,0.90351, 0.15882,116
v0000048,  68.625,0.69952, 0.20588,117
v0000048, 21.9375, 0.5269, 0.14804,118
v0000048,    31.5,0.54398, 0.18824,119
v0000048,  57.375,0.71961, 0.17941,120
v0000048,  43.875,0.74042, 0.18235,121
v0000048, 25.3125, 0.7695, 0.15882,122
v0000048,    58.5,0.68499, 0.18235,123
v0000048, 35.4375, 0.8145,  0.1402,124
v0000048,  48.375, 0.6099, 0.18922,125
v0000048,   42.75,0.60062, 0.16176,126
v0000048,      54,0.78877, 0.16569,127
v0000048,  25.875,0.51236, 0.18137,128
v0000048,  23.625, 0.4282, 0.13039,129
v0000048,      36,0.70938, 0.17549,130
v0000048, 55.6875,0.77635, 0.17843,131
v0000048, 73.6875,0.77878, 0.18333,132
v0000048,   60.75,0.81089,  0.1451,133
v0000048,  70.875,0.75711, 0.18333,134
v0000048,   20.25,0.54815, 0.18627,135
v0000048,  64.125,0.73323, 0.17549,136
v0000048, 70.3125,0.77443, 0.18039,137
v0000048, 57.9375,0.64382, 0.17059,138
v0000048,  68.625,0.75934, 0.19412,139
v0000048, 28.6875,0.39815,  0.1098,140
v0000048, 28.6875,0.45321,0.096078,141
v0000048, 27.5625,0.57223, 0.17255,142
