v0000026_KM, 26.4375,0.91193,0.61039,187.0638,43,72.34167,34, 1
v0000026_KM, 50.0625,0.63764,0.68462,191.3708,43,51.30714,34, 2
v0000026_KM, 80.4375,0.44207,0.78571,174.3007,55,59.24359,50, 3
v0000026_KM,  30.375,0.48987,   0.75,128.2778,34,64.36207,22, 4
v0000026_KM, 45.5625,0.61269,0.73636,119.6173,53, 53.2803,24, 5
v0000026_KM,   38.25,0.82514,0.68687,198.3824,41,84.33594,56, 6
v0000026_KM, 57.9375, 0.7479,0.79231,129.0388,41,68.08451,27, 7
v0000026_KM, 55.6875,0.54138,   0.75,229.4949,40,56.74286,26, 8
v0000026_KM,  55.125,0.51065,0.68056,130.5612,50,60.20139,28, 9
v0000026_KM,  73.125,0.63037,0.67708,132.5769,52,61.38125,33,10
v0000026_KM,  41.625,0.41242,0.82222,   206.5,44,      81,36,11
v0000026_KM, 18.5625,0.35744,0.91667,134.8485,48, 73.6875,24,12
v0000026_KM, 70.3125,0.54983,0.74405, 149.472,51,60.36842,35,13
v0000026_KM, 41.0625,0.88019,0.60331,185.7534,46,93.88971,48,14
v0000026_KM, 59.0625,0.54758,  0.875,222.4571,36,70.76471,46,15
v0000026_KM, 56.8125,0.52908,0.76515,216.5743,42,80.65714,54,16
v0000026_KM, 36.5625,0.37142,0.72222,    73.4,35,30.81452,14,17
v0000026_KM, 46.6875,0.72201, 0.7094,203.7229,46,68.85294,31,18
v0000026_KM, 43.3125,0.82158,0.64167,236.7143,32,76.55882,42,19
v0000026_KM,    49.5,0.54105,0.73333, 230.625,49,      82,57,20
v0000026_KM,   42.75,0.75072,0.79167,117.3684,50,43.53125,19,21
v0000026_KM,  57.375,0.12186,0.70833,151.4608,48,   78.75,48,22
v0000026_KM,    31.5,0.57595,    0.7,225.6429,37, 119.125,50,23
v0000026_KM,    49.5,0.72227,0.73333,196.0455,41,107.2353,54,24
v0000026_KM, 48.9375,0.76365,0.74359,172.7471,44,76.05147,43,25
v0000026_KM, 46.6875,0.59776,0.83838,234.1446,44,96.90625,54,26
v0000026_KM, 63.5625,0.70887,0.73377,209.3451,42,63.17568,53,27
v0000026_KM, 35.4375,0.45991,    0.7, 139.254,48,77.37903,55,28
v0000026_KM, 50.0625,  0.732,0.67424, 186.809,45,89.90714,54,29
v0000026_KM, 57.9375,0.40276, 0.7803, 231.932,39,    76.6,54,30
v0000026_KM, 53.4375,0.77981,0.67857,201.5474,44, 77.6875,50,31
v0000026_KM, 50.0625,0.68032,0.73554,132.5056,55,43.66176,22,32
v0000026_KM, 47.8125,0.69212, 0.7265,203.8824,63,34.58824,22,33
v0000026_KM,  37.125,0.55796,0.73333,177.1061,44,   68.25,21,34
v0000026_KM,  48.375,0.72431,0.78182,163.4186,46,   96.25,50,35
v0000026_KM, 44.4375,0.73294,0.71818,184.5063,40,89.25758,51,36
v0000026_KM,  41.625,0.54466,0.82222,140.2838,52,84.89516,53,37
v0000026_KM, 48.9375,0.71785,0.74359,227.9655,40,83.08088,57,38
v0000026_KM, 47.8125,0.84112,0.75893,149.4471,48,77.88235,38,39
v0000026_KM,      45,0.60794,0.72727, 167.275,48,65.34848,38,40
v0000026_KM,   74.25,0.62926,0.72527,186.7273,46,61.92308,30,41
v0000026_KM, 18.5625,0.62232,0.78571,144.1515,49,   69.98,25,42
v0000026_KM,   56.25,0.91277,0.84034,  206.95,45,100.0417,54,43
v0000026_KM,    13.5,0.66519,0.68571, 119.875,50,54.86458,19,44
v0000026_KM,  14.625, 0.4183,0.72222,132.1538,49,62.59375,27,45
v0000026_KM,122.0625,0.71534,0.64583,188.3548,50,63.38265,39,46
v0000026_KM,   24.75,0.28502,0.89796,   64.75,21,   47.25,22,47
v0000026_KM, 64.6875,0.57924, 0.8042,216.9043,46,69.22917,56,48
v0000026_KM, 45.5625,0.69274,   0.75,178.5185,43,65.62879,34,49
v0000026_KM, 69.1875,0.75798,   0.82,129.4065,55,63.54054,35,50
v0000026_KM, 34.3125,0.72953,0.69318,169.5246,45,89.91935,31,51
v0000026_KM,      45,0.61208,0.74074, 72.8375,24,43.31818,15,52
v0000026_KM, 64.6875,0.61745,0.68452,143.0348,49,  74.625,41,53
v0000026_KM,  37.125, 0.6481,0.66667,135.2273,44,74.45312,28,54
v0000026_KM, 54.5625,0.59086,0.67832,208.9897,38,65.32639,35,55
v0000026_KM,  66.375,0.62469,0.75641,173.3559,52,48.64865,20,56
v0000026_KM,  64.125,0.45963,0.67456,183.3333,49,52.89474,30,57
v0000026_KM, 65.8125,0.65828,0.75974,120.8547,56,52.89865,20,58
v0000026_KM,   60.75,0.72405,0.75524,199.5926,45,66.45833,35,59
v0000026_KM,  32.625,0.56881,0.71605,85.46552,34,  50.975,30,60
v0000026_KM, 41.0625, 0.8109,0.70192,194.6438,48,52.12879,26,61
v0000026_KM,      27,0.53303,0.85714,131.7917,36,89.84259,28,62
v0000026_KM,  50.625,0.56582,0.68182,198.4889,49,76.48571,34,63
v0000026_KM, 43.3125,0.66947,0.77778,229.5844,26,180.9219,42,64
v0000026_KM, 30.9375,0.56061,0.76389,236.4364,28,170.8448,42,65
v0000026_KM, 28.6875,0.52328,0.70833,77.15686,39,47.80172,17,66
v0000026_KM, 27.5625,0.56861,0.77778,218.3878,31,157.3125,43,67
v0000026_KM, 42.1875,0.83686,  0.625,232.0667,38,153.1765,45,68
v0000026_KM, 53.4375,0.55588,0.66434,237.1368,37,83.60417,60,69
v0000026_KM,   38.25,0.50133,   0.68,137.2206,39,81.97656,23,70
v0000026_KM, 28.6875,0.71516,0.79688,12.56863,26,35.04464,29,71
v0000027_KM,44.4375,0.73649,0.73148,204.0886,44,85.67424,33, 1
v0000027_KM,50.0625,0.62515,0.74167,197.7191,45,46.75735,20, 2
v0000027_KM,48.9375,0.68566,0.66923,207.2529,45,53.95714,37, 3
v0000027_KM,     27,0.86387,    0.8,176.1458,45,82.49107,44, 4
v0000027_KM,   13.5,0.46862,0.66667,152.5417,44,  63.875,32, 5
v0000027_KM,70.3125,0.75725,0.64103, 166.688,52,28.20625,16, 6
v0000027_KM,     45,0.71457,0.66116,223.6625,39,118.6715,52, 7
v0000027_KM,42.1875,0.83272,0.72115,183.5733,46,85.20455,47, 8
v0000027_KM, 41.625,0.59294,0.74747, 178.527,44,83.88281,52, 9
v0000027_KM,   67.5,0.71001,0.66667,150.9667,53,38.91667,32,10
v0000027_KM,42.1875,0.64506,0.75758,  235.96,39,107.0625,36,11
v0000027_KM,47.8125,0.54752,0.77273,199.8235,47,39.99242,20,12
v0000027_KM,87.1875,0.82096,0.67982,138.1355,57,44.94767,37,13
v0000027_KM,  38.25,0.84705,0.70833,     118,28,71.74219,29,14
v0000027_KM,   67.5,0.77045,0.68182,107.8083,53,56.10191,41,15
v0000027_KM,14.0625,0.68094,0.83333,  182.24,43,90.83696,33,16
v0000027_KM,41.0625,0.70429,0.76042,236.9452,31,84.21094,57,17
v0000027_KM,60.1875,0.30642,0.74306,220.3364,39,67.08966,23,18
v0000027_KM, 34.875,0.91125,0.56364,174.5323,43,90.52273,38,19
v0000027_KM,   40.5,0.60061,0.72727,213.2917,43,42.68462,39,20
v0000027_KM,  38.25,0.76741,0.61818,210.2941,35, 94.6791,38,21
v0000027_KM,27.5625,0.67209,0.68056,206.7551,42,68.72414,33,22
v0000027_KM,43.3125,0.76729,0.64167,181.0649,44,82.38971,50,23
v0000027_KM,46.6875,0.72277,0.76852,136.5783,55,41.01515,13,24
v0000027_KM,63.5625,0.35007,0.66864,224.3274,42,69.43421,45,25
v0000027_KM, 30.375,0.74129,  0.675,118.8519,51,50.90833,17,26
v0000027_KM,69.1875,0.49524,0.67582,201.8211,52,52.21154,29,27
v0000027_KM, 73.125,0.68835,0.72222,198.6769,46,56.36478,36,28
v0000027_KM,57.9375,0.54758,0.66026,201.0388,48,57.39189,47,29
v0000027_KM,     27, 0.6126,0.66667,202.2708,40,87.96552,34,30
v0000027_KM, 64.125,0.65005,0.74026,220.1228,43,71.71622,36,31
v0000027_KM,37.6875,0.88172,0.85897,215.2836,34,73.80645,23,32
v0000027_KM,47.8125,0.56743,0.59441,214.1765,44,59.21528,61,33
v0000027_KM,     63,0.74596,0.66667,234.4643,43,78.27632,55,34
v0000027_KM, 41.625,0.84267,0.63248,205.2027,42,109.4926,43,35
v0000027_KM,34.3125,0.75809,0.61616,220.0656,43,103.2093,49,36
v0000027_KM,  65.25,0.53173,0.81119,182.6897,41,62.47222,31,37
v0000027_KM,39.9375,0.81629,0.78022,234.7042,40,  109.75,54,38
v0000027_KM, 46.125,0.77724,0.75926,233.4268,33,83.62121,27,39
v0000027_KM,  11.25,0.62547,    0.8,  146.75,49,58.38636,23,40
v0000027_KM,     45,0.48834,0.66667,225.1125,49,92.75735,35,41
v0000027_KM, 50.625,0.70754,0.62937,196.9889,52,41.61806,17,42
v0000027_KM,53.4375,0.69657,0.81197,238.5474,29,121.6861,51,43
v0000027_KM,19.6875,0.50063,0.71429,199.5429,31,119.9135,43,44
v0000027_KM, 41.625,0.39722,   0.74,167.2838,51, 45.1875,15,45
v0000027_KM, 19.125,0.70849,0.80952,134.0588,42,   72.96,28,46
v0000027_KM,  24.75, 0.7903,0.62857,236.5682,31,88.49138,47,47
v0000027_KM,     45,0.48593,0.72727,  220.05,45,78.06061,45,48
v0000027_KM, 41.625,0.77196,   0.74,129.4595,25,86.96875,46,49
v0000027_KM,     63,0.55678,0.72727,212.4732,52,54.35811,45,50
v0000027_KM,  42.75,0.85838,0.63333,224.4474,39,70.58993,39,51
v0000027_KM,   31.5,0.69947,    0.7,151.1786,33,72.80992,23,52
v0000027_KM, 48.375,0.56009,0.71667,201.2093,46,72.47059,45,53
v0000027_KM,35.4375,0.75296,0.81818,184.2698,46,  70.625,43,54
v0000027_KM, 39.375,0.66831,0.79545,   240.4,31,96.52419,44,55
v0000027_KM,48.9375,0.79533,0.83654,202.2414,36,123.8106,49,56
v0000027_KM,   31.5, 0.4908,    0.7,   175.5,44,54.43333,21,57
v0000027_KM, 52.875,0.50206,0.65278, 166.734,46,76.55556,28,58
v0000027_KM,68.0625,0.67717,0.73333,186.6942,52, 55.0719,64,59
v0000027_KM,27.5625,0.61672,0.77778,92.53061,30,53.22321,17,60
v0000027_KM,68.0625,0.74469,0.54751,205.2314,42,68.88095,32,61
v0000027_KM, 23.625,0.57609,   0.75,180.7381,45,85.25926,30,62
v0000027_KM,59.0625,0.60535,0.67308,186.4476,47,63.08108,32,63
v0000027_KM, 30.375,0.37177,0.84375, 201.537,39,      55,19,64
v0000027_KM, 73.125,0.62188,0.71429,139.4615,54,49.74359,27,65
v0000027_KM,21.9375,0.65701,0.61905,98.82051,27,64.20536,19,66
v0000027_KM,     27,0.78612,0.68571,129.9167,47,77.71186,28,67
v0000027_KM,68.0625,0.46429,0.77564,161.8512,64,36.01351,58,68
v0000027_KM,     54,0.31173,0.79339,212.7604,51,57.86029,25,69
v0000027_KM,65.8125,0.40264, 0.8125,181.7265,55,37.15278,14,70
v0000027_KM, 19.125,0.92798,0.56667,160.2647,47,70.44643,32,71
v0000027_KM,73.6875,0.89772,0.72778,182.4198,49,59.85366,32,72
v0000027_KM,59.0625,0.76509,  0.625,235.5429,33, 119.915,53,73
v0000027_KM,73.6875,0.69588,0.71978,     195,48,84.55128,38,74
v0000027_KM, 55.125,0.57377,0.74242,138.6122,54,45.97143,26,75
v0000027_KM,36.5625,0.70494,0.73864,198.1385,41,86.50806,40,76
v0000028_KM,28.6875,0.62811,0.80952,209.6667,41,109.8661,51,  1
v0000028_KM,41.0625,0.61714,   0.73,184.3699,49,49.24219,32,  2
v0000028_KM,52.3125,0.77624,0.65035,196.7742,43,76.36806,45,  3
v0000028_KM, 28.125,0.75347,0.69444,  136.72,50,62.14655,35,  4
v0000028_KM,69.1875,0.45323,0.72781,214.3902,53,    62.5,25,  5
v0000028_KM, 41.625,0.82196,0.71154,233.4595,30, 84.7197,55,  6
v0000028_KM,  38.25,0.68686,0.61818,224.5147,42,55.63636,42,  7
v0000028_KM,60.1875,0.64446, 0.6369,218.2243,43,119.3158,51,  8
v0000028_KM,  42.75,0.83833,0.63333,183.8553,38,91.23529,56,  9
v0000028_KM,36.5625,0.63564,0.72222,150.0769,46, 90.1129,42, 10
v0000028_KM,69.1875,0.70756,0.73214,221.7886,44,93.61184,45, 11
v0000028_KM, 39.375,0.85913,0.63636,159.7143,41,91.32576,35, 12
v0000028_KM, 64.125, 0.7848,   0.76,163.1228,51,42.41892,20, 13
v0000028_KM,39.9375,0.61442,0.71717,226.8451,29,112.9922,50, 14
v0000028_KM, 37.125,0.66231,  0.825,235.9545,33,108.4083,56, 15
v0000028_KM, 37.125,0.56917,0.73333,214.5152,35,83.07258,30, 16
v0000028_KM,  7.875,0.59003,  0.875,175.4286,36,    73.8,28, 17
v0000028_KM, 61.875,0.79741,0.70513,230.0818,46,94.33108,57, 18
v0000028_KM,55.6875,0.85154,  0.825,220.2525,45, 84.5461,32, 19
v0000028_KM,48.9375,0.45873,0.71901,211.1264,43,105.4265,44, 20
v0000028_KM,42.1875,0.67003,0.69444,  234.36,35,98.31818,49, 21
v0000028_KM,54.5625,0.80551,0.69286,157.1134,44,84.94444,26, 22
v0000028_KM,  51.75,0.65457,0.85185,231.9565,34,116.0303,45, 23
v0000028_KM,  20.25,0.64669,0.73469,169.8056,47,81.11538,55, 24
v0000028_KM,14.0625,0.75392,0.71429,  148.16,40,76.69792,30, 25
v0000028_KM,23.0625,0.86916,0.58571,146.5122,38,89.11207,24, 26
v0000028_KM,21.9375,0.66876,0.79592,206.8205,45,93.98077,39, 27
v0000028_KM,18.5625,0.55429,0.91667,135.5455,39,84.54167,22, 28
v0000028_KM,71.4375,0.88119,0.56696,235.7402,32,123.6845,43, 29
v0000028_KM,26.4375,0.84963,0.53409,225.7447,29,140.5242,47, 30
v0000028_KM,   22.5,0.79695,0.63492,  207.65,37,101.7232,39, 31
v0000028_KM,44.4375,0.68401,0.73148,235.3924,29,98.24242,43, 32
v0000028_KM, 19.125,0.73319,0.70833,148.7941,42,87.90385,30, 33
v0000028_KM,46.6875,0.92201,0.74107,210.6627,40,114.8099,51, 34
v0000028_KM,39.9375, 0.7835,   0.71,224.7183,30,128.6875,44, 35
v0000028_KM,78.1875,0.67014,0.77222,244.2878,33,124.5833,52, 36
v0000028_KM,41.0625,0.79805,0.67593,204.5479,50,68.30303,34, 37
v0000028_KM,44.4375,0.63563,0.79798,234.8228,26,116.5781,53, 38
v0000028_KM, 30.375,0.67988,   0.75,222.9074,35,85.62931,34, 39
v0000028_KM,     45, 0.7833,0.76923,222.9875,33,87.01515,33, 40
v0000028_KM,     63,0.80987,0.72727,189.2679,38,102.4459,50, 41
v0000028_KM,  24.75,0.81141,0.73333,199.4318,38,86.91964,36, 42
v0000028_KM,32.0625,0.84055, 0.7037,225.3333,30,108.2917,38, 43
v0000028_KM, 34.875,0.56207,0.68889, 224.129,44,59.29032,41, 44
v0000028_KM,44.4375,0.82405,0.75962,179.1646,45,94.52273,46, 45
v0000028_KM,26.4375,0.79681,0.78333,204.4681,41,86.14286,26, 46
v0000028_KM,37.6875, 0.6031,   0.67,174.2687,41,84.57031,35, 47
v0000028_KM, 14.625,0.64733,0.74286,     145,49,68.10417,28, 48
v0000028_KM,35.4375,0.82389,   0.75,209.3333,36,101.4758,42, 49
v0000028_KM,29.8125, 0.7397,0.68831,149.5849,46,  61.575,31, 50
v0000028_KM, 39.375,0.81098,0.72917,15.47143,54, 62.5625,40, 51
v0000028_KM,   49.5,0.74506,0.75214,229.4318,38,134.8162,44, 52
v0000028_KM, 48.375,0.82855,0.76786,216.7326,31,92.95588,38, 53
v0000028_KM,   40.5,0.74827,0.65455, 226.625,38,89.08333,39, 54
v0000028_KM,78.1875,0.69751,0.84242,182.0432,59,38.80921,19, 55
v0000028_KM,51.1875,0.42015,0.75207,197.7033,48,43.33088,22, 56
v0000028_KM, 61.875,0.45773,0.70513,151.0091,48,70.91216,28, 57
v0000028_KM,   31.5,0.48179,0.62222,  217.75,33,135.1694,46, 58
v0000028_KM,  33.75,0.75574,0.85714,195.2333,36,114.2069,51, 59
v0000028_KM,34.3125,0.83439,0.72619,196.7541,35,101.6129,34, 60
v0000028_KM,16.3125,0.78868,0.59184, 210.931,34,124.0481,33, 61
v0000028_KM, 23.625,0.67673,0.66667,188.0238,40,102.4107,25, 62
v0000028_KM,61.3125,0.47878,0.76224,209.8991,48,41.71528,27, 63
v0000028_KM,28.6875,0.60731,0.80952,161.4314,47,91.19643,32, 64
v0000028_KM,     45,0.63549,0.66667,230.1375,34,114.1691,52, 65
v0000028_KM,27.5625,0.81642,    0.7,230.6735,31,109.6068,31, 66
v0000028_KM,44.4375,0.52211,0.71818,224.3291,43,60.14394,28, 67
v0000028_KM, 52.875,0.69988,0.60256,222.6915,41,93.22297,55, 68
v0000028_KM,64.6875,0.67603,0.63889,235.1913,35,137.2821,50, 69
v0000028_KM,  69.75,0.69615, 0.7381,216.4355,45,91.72368,53, 70
v0000028_KM,   31.5,0.65939,    0.7,151.5536,46,   74.25,46, 71
v0000028_KM, 43.875,0.43228,0.70909,108.2179,45,46.85606,17, 72
v0000028_KM,   58.5,0.80047,0.77037,236.3173,36,100.4414,54, 73
v0000028_KM, 70.875,0.60799,   0.75, 197.127,49,43.36184,26, 74
v0000028_KM, 50.625,0.76181,0.64286,180.0222,51,67.71528,55, 75
v0000028_KM,  38.25,0.64923,0.68687,229.9118,26,120.8125,49, 76
v0000028_KM,   31.5,0.55429,    0.7,216.5893,41,97.94167,53, 77
v0000028_KM,30.9375, 0.7217,0.78571,204.8545,45,69.19828,22, 78
v0000028_KM,59.0625,0.90665,0.64815,226.1143,43,127.6282,52, 79
v0000028_KM,68.0625,0.58746,0.78571,207.9174,47,76.07432,45, 80
v0000028_KM,  38.25, 0.7815,0.70833,229.8088,40,78.39062,49, 81
v0000028_KM,  56.25,0.50758,0.64103,  189.46,45,   72.25,35, 82
v0000028_KM,37.6875,0.79258,0.69792,203.7761,44,98.55469,56, 83
v0000028_KM,75.9375,0.55699,0.80357,149.3037,56,45.01974,21, 84
v0000028_KM, 12.375,0.63352,0.73333,214.0909,36,93.23913,32, 85
v0000028_KM,54.5625,0.56465,0.67832,228.9072,39,84.45833,42, 86
v0000028_KM,     27,0.71009,0.68571,211.1667,34,100.8017,35, 87
v0000028_KM,59.0625,0.82139,0.68182,230.6571,39,92.24324,46, 88
v0000028_KM,     36, 0.5798,    0.8,219.5938,41,110.4083,49, 89
v0000028_KM, 57.375,  0.524,0.71329,205.1373,44,82.78472,41, 90
v0000028_KM,  69.75,0.68463,0.70455,161.6855,54,38.70513,13, 91
v0000028_KM,42.1875,0.59412,0.75758,  234.08,27, 129.875,48, 92
v0000028_KM,14.0625,0.67545,0.71429,   216.8,35,86.16667,27, 93
v0000028_KM,61.3125,0.49154,0.76224,209.0092,45,65.42361,40, 94
v0000028_KM,41.0625,0.88359,0.55303,221.1507,43,    94.3,53, 95
v0000028_KM,54.5625,0.60659,0.80833,168.3711,50,42.24265,20, 96
v0000028_KM,14.0625,0.70271,0.71429,  230.08,29,105.1458,54, 97
v0000028_KM, 57.375,0.72783,0.70833,241.4216,25,110.1736,46, 98
v0000028_KM,56.8125,0.53264,0.64744,206.2376,47,56.16892,30, 99
v0000028_KM,50.0625,0.48175,0.80909, 229.236,40,69.10606,35,100
v0000028_KM,18.5625,0.75093,0.67347,216.0606,37,108.2019,42,101
v0000028_KM, 21.375,0.87781,0.52778,211.3158,34,118.8017,49,102
v0000028_KM,17.4375,0.74733, 0.7381,177.4839,37,   92.32,44,103
v0000028_KM, 59.625,0.71472,0.70667,221.8962,49,42.19595,19,104
v0000028_KM,57.9375,0.89019,0.60947,144.4175,44,75.26974,33,105
v0000028_KM,     45,0.41329,0.72727, 226.125,42,98.81061,46,106
v0000028_KM,     45, 0.6528,0.66667,225.5375,35,104.7647,31,107
v0000028_KM,   40.5,0.78416,0.66667,     6.5,12,44.61364,43,108
v0000028_KM,     36, 0.7032,0.71111,224.9688,38,95.76613,56,109
v0000028_KM, 19.125,0.33477,0.80952,224.6176,27,  141.27,49,110
v0000028_KM, 66.375,0.70128,0.78667,177.8475,56, 51.7027,15,111
v0000028_KM,59.0625,0.49098,0.79545,226.3429,37,63.44286,24,112
v0000028_KM, 66.375,0.80235,0.78667,168.6102,51,81.11486,34,113
v0000028_KM, 66.375,0.66053,0.76623,224.8983,43,111.1554,52,114
v0000028_KM,   58.5,0.51458,0.72727,215.2308,43,85.15972,35,115
v0000028_KM,  69.75,0.46159, 0.6359,242.1694,35,114.8187,52,116
v0000028_KM, 34.875,0.68127,0.68889,128.2742,45,51.76613,15,117
v0000028_KM,50.0625,0.78844,0.68462,184.6966,45,68.26429,39,118
v0000028_KM,64.6875,0.68654,0.73718,190.0348,45,76.31081,49,119
v0000028_KM,44.4375,0.55494,0.71818,192.9114,47,56.67424,29,120
v0000028_KM, 19.125,0.82026,0.75556,   160.5,45,71.53846,30,121
v0000028_KM,41.0625,0.84505,0.67593,106.5479,32,64.81818,35,122
v0000028_KM,     72, 0.6631,0.82051,196.2891,43,85.08784,52,123
v0000028_KM, 23.625,0.81038,0.66667,163.0476,44, 74.6875,32,124
v0000031_KM,24.1875,0.72036,0.68254,152.6047,44,72.08036,30, 1
v0000031_KM, 43.875,0.70703,0.72222, 207.859,44,81.06818,41, 2
v0000031_KM,   49.5,0.45268,0.66667,222.1023,49,68.35211,29, 3
v0000031_KM,24.1875,0.82512, 0.7963,     170,41, 111.713,45, 4
v0000031_KM,   31.5, 0.6298,0.77778,230.2857,29,127.9748,45, 5
v0000031_KM,41.0625,0.81906,0.76042,     197,42,104.9453,52, 6
v0000031_KM,46.6875,0.35367,   0.83,206.6145,43,101.9844,34, 7
v0000031_KM,41.0625,0.85441, 0.8022,192.6301,42,83.89062,55, 8
v0000031_KM,   31.5,0.81329,0.84848,230.1429,27, 82.5431,41, 9
v0000031_KM,68.0625,0.61865,0.72024,221.1074,50,65.88158,28,10
v0000031_KM,32.0625, 0.5423, 0.7125,208.5614,40,109.2333,33,11
v0000031_KM,37.6875,0.60979,0.67677,200.0448,44,53.35156,20,12
v0000031_KM,38.8125,0.54055,0.76667,203.7971,43,125.1452,50,13
v0000031_KM,25.3125,0.92054,    0.5,   249.4,17,152.5565,50,14
v0000031_KM, 28.125,0.87477,0.59524,   192.1,50,71.65323,42,15
v0000031_KM,  29.25,0.90687,0.67532,206.8269,30,116.9083,52,16
v0000031_KM,   76.5,0.57117,0.80473,190.3382,45,92.48026,50,17
v0000031_KM,50.0625,0.88294,0.69531,212.5056,35, 128.875,51,18
v0000031_KM,43.3125,0.75025,0.65812,208.4675,41,97.68382,49,19
v0000031_KM,     63,0.47557,0.66272,224.1161,42,86.07895,41,20
v0000031_KM,19.6875,0.85166,  0.625,214.4286,32,120.9815,49,21
v0000031_KM,73.6875,0.61016,0.71978,219.5191,43,51.66667,32,22
v0000031_KM,24.1875,0.63023,0.68254,214.6977,39,104.6696,45,23
v0000031_KM,78.1875,0.60337, 0.9026,185.5971,49,78.99324,41,24
v0000031_KM,47.8125,0.71392,0.70833,   233.2,38,94.79412,53,25
v0000031_KM,56.8125,0.90964,0.70139,171.3564,46,82.53289,56,26
v0000031_KM,29.8125,0.72788,0.75714,9.339623,41,33.73276,30,27
v0000031_KM,     45,0.85438,0.71429,     211,45,113.0662,50,28
v0000031_KM, 48.375,0.82699,0.73504,104.6512,37,46.64706,16,29
v0000031_KM,   31.5,0.54333,    0.7,113.0179,38,56.14167,25,30
v0000031_KM,47.8125,0.78718, 0.7265,187.7529,51,57.68382,38,31
v0000031_KM, 86.625,0.56205, 0.6875,198.2078,38,122.0833,50,32
v0000031_KM,38.8125,0.43153,   0.69, 229.942,44,90.10938,48,33
v0000031_KM,87.1875,0.44181,0.69196,192.3677,52,79.16071,50,34
v0000031_KM,33.1875,0.86688,0.59596,162.5593,43,89.14062,45,35
v0000031_KM,46.6875,0.74991, 0.7094,174.9759,42,88.96324,47,36
v0000031_KM,   67.5,0.71854,0.72727,211.8667,44,60.83553,38,37
v0000031_KM,  33.75,0.78127,0.77922,  176.55,49,   85.65,37,38
v0000031_KM,39.9375,  0.709,   0.71,198.8592,45,  86.125,46,39
v0000031_KM,   22.5, 0.3389,0.71429, 218.625,34,125.4352,38,40
v0000031_KM,   58.5,0.74057,0.74286,223.2115,43,93.80556,51,41
v0000031_KM,  29.25,0.67058, 0.8254,226.6346,37,78.90179,35,42
v0000031_KM,54.5625,0.47205,0.67832,225.9691,44,  106.25,53,43
v0000031_KM,62.4375,0.51893,0.77083,201.7027,46,57.03472,30,44
v0000031_KM,21.9375,0.88272,   0.78,131.2308,47,64.97222,22,45
v0000031_KM,     72,0.35319, 0.7574,   218.5,48,60.83553,35,46
v0000031_KM,  29.25,0.58758, 0.8254,163.3077,47,82.27679,32,47
v0000031_KM,  65.25,0.60849,0.81119,195.0345,43, 69.5625,31,48
v0000031_KM,  51.75,0.67606,0.70769,132.9565,50,54.62143,31,49
v0000031_KM,     45,0.67831,0.66667,220.1375,41,99.14706,45,50
v0000031_KM, 68.625,0.72169,0.81333,200.3852,48,49.12838,36,51
v0000031_KM,  29.25,0.76474,0.86667,207.6731,54,48.42857,21,52
v0000031_KM,50.0625,0.67023,0.74167,164.8989,55,30.83088,34,53
v0000031_KM, 30.375,0.58937,0.66667,146.3889,47,56.18333,22,54
v0000031_KM,  42.75, 0.6451, 0.7037,186.8421,40,60.45455,26,55
v0000031_KM,45.5625,0.62321,   0.75,168.8519,47,67.85606,53,56
v0000031_KM,51.1875, 0.8436,0.59091,214.6593,41,102.4932,41,57
v0000031_KM, 84.375,0.53871,0.76923,  197.76,47,57.23125,35,58
v0000031_KM,      9,0.79974,0.66667,209.9375,36,93.67045,36,59
v0000031_KM,48.9375,0.76291,0.64444, 198.069,39,69.33333,21,60
v0000031_KM, 48.375,0.52329,0.78182,120.9651,54,39.64394,22,61
v0000031_KM, 50.625,0.79401,0.76923,143.9111,54,38.13971,17,62
v0000031_KM, 68.625,   0.72,0.69318,171.7131,46,94.79487,56,63
v0000031_KM, 43.875,0.70041,0.72222, 206.141,47,81.07576,27,64
v0000031_KM,   40.5,0.61372,0.65455,228.5556,38,93.34586,54,65
v0000031_KM,69.1875, 0.7472,0.64062,157.1951,51,72.91875,32,66
v0000031_KM,  15.75,0.67017,0.66667,189.6786,37,   95.58,52,67
v0000031_KM,19.6875,0.79839,0.64815,157.4571,40,87.02778,53,68
v0000031_KM,72.5625,0.61641,0.76786,207.8217,56,24.28289,16,69
v0000031_KM,59.0625,0.41163,0.67308,161.4857,51,40.34459,22,70
v0000031_KM,  29.25,0.76993,   0.65,194.6538,40,87.78333,36,71
v0000031_KM,  20.25,0.71365,0.64286,142.1667,47,79.36111,25,72
v0000031_KM,  15.75,0.74985,0.66667,93.35714,31,   47.48,19,73
v0000031_KM,  24.75,0.64889,0.69841,147.9318,48,69.94643,34,74
v0000031_KM,25.3125,0.89003,0.81818,124.8222,41,70.80357,37,75
v0000031_KM,     36,0.85604,0.66667,200.9531,44,86.53906,42,76
v0000031_KM,46.6875,0.57337,0.83838,198.0602,47,  78.375,42,77
v0000031_KM,44.4375,0.84021,0.65833,194.2658,49,   60.85,33,78
v0000031_KM,  42.75,0.79118,0.73077,222.5921,31,74.68182,42,79
v0000031_KM,  29.25,0.70653, 0.8254,212.4808,41,46.91964,17,80
v0000031_KM,66.9375,0.73776,0.70833, 211.437,50,      58,41,81
v0000031_KM,     63,0.74614,0.66272,157.6339,46,93.44737,46,82
v0000031_KM, 50.625,0.80368,0.71429,   132.3,50,68.58571,56,83
v0000031_KM, 30.375,0.85338,0.81818,129.5185,46,77.19828,24,84
v0000031_KM,51.1875,0.80995,   0.65,210.2088,50,63.13889,59,85
v0000031_KM,18.5625,0.76049, 0.6875, 153.697,40,96.38462,30,86
v0000031_KM, 19.125,0.51092,0.80952,159.0882,45,   76.25,37,87
v0000031_KM,47.8125,0.69663,0.70833,193.5529,51,  46.875,35,88
v0000031_KM,59.0625,0.73732,   0.75,184.2667,51,28.96528,13,89
v0000031_KM,   40.5,0.81435,0.69231,201.1944,46,73.73684,40,90
v0000031_KM,38.8125,0.44149,   0.69,97.72464,47,56.36719,19,91
v0000031_KM,  47.25,0.57563,0.76364,204.6548,50,44.40909,35,92
v0000031_KM,  60.75,0.36433,0.81818,211.5463,55,45.97143,36,93
v0000031_KM,59.0625,0.57723,0.73427,172.0857,40,90.38194,43,94
v0000031_KM, 82.125,0.72216,0.64035,144.3356,49,77.55233,57,95
v0000031_KM,38.8125,0.68298,0.69697,147.2754,48,70.32558,31,96
v0000032_KM, 16.3125, 0.50838,0.80556,36.44828,49,34.19792,35, 1
v0000032_KM,  41.625, 0.46636,0.74747,139.5811,64, 34.4375,29, 2
v0000032_KM,      45, 0.55418,0.66667, 209.175,48,79.30147,33, 3
v0000032_KM,  50.625,  0.8566,0.64286,143.4222,43,55.77083,26, 4
v0000032_KM, 32.0625, 0.70699, 0.7125,223.2632,42,115.2833,51, 5
v0000032_KM, 54.5625, 0.35763,0.80165,209.7938,49,63.44118,42, 6
v0000032_KM,  64.125, 0.70819,0.67857, 125.114,50,59.15132,27, 7
v0000032_KM, 57.9375, 0.72941,0.79231,104.4272,38,44.52857,19, 8
v0000032_KM,  32.625, 0.80353,0.64444,195.7241,49,82.37903,45, 9
v0000032_KM,  52.875, 0.78693,0.80342,140.0745,51,40.55147,15,10
v0000032_KM,   47.25, 0.75058,0.64615,211.6548,44,66.70714,34,11
v0000032_KM,    76.5, 0.58202,0.69744,  181.25,50,70.91875,53,12
v0000032_KM, 54.5625, 0.87468,0.63399,118.1443,52,50.71711,32,13
v0000032_KM,   20.25, 0.75005,   0.75,215.8056,43,110.6154,38,14
v0000032_KM,  48.375, 0.79479,0.65152,219.9767,37,122.6571,53,15
v0000032_KM, 56.8125, 0.72305,0.70139,152.0396,49,67.15278,45,16
v0000032_KM, 28.6875, 0.79125,0.72857,106.4902,43,   57.75,21,17
v0000032_KM,    40.5, 0.72339,0.66667,153.7639,48,83.06061,46,18
v0000032_KM,   56.25, 0.47444,0.75758,  208.73,52,49.74286,40,19
v0000032_KM,  50.625, 0.55221,   0.75,208.8778,41,101.1838,51,20
v0000032_KM,      36, 0.29387,0.71111,197.1406,50,62.79032,58,21
v0000032_KM, 38.8125, 0.78236,0.62727, 171.971,42,85.85606,46,22
v0000032_KM,  64.125, 0.45952,0.73077,223.7193,48,62.91216,43,23
v0000032_KM, 36.5625,  0.5224,0.59091,211.4154,40,69.10606,56,24
v0000032_KM, 57.9375, 0.83039,0.76296,206.8447,43,51.32653,30,25
v0000032_KM, 15.1875, 0.75016,0.77143,135.3333,50,72.30208,34,26
v0000032_KM,   38.25, 0.89384,0.65385,104.3382,57,48.13636,46,27
v0000032_KM,   29.25, 0.75219,0.74286,134.7885,51,59.07759,30,28
v0000032_KM,   33.75, 0.54895,0.66667,  164.75,48, 75.3629,34,29
v0000032_KM,  28.125, 0.80136,0.83333,  173.34,40,80.94643,32,30
v0000032_KM,  34.875, 0.69007,0.86111,167.5484,48,83.31897,39,31
v0000032_KM, 17.4375, 0.76617,  0.775,114.7419,31,   55.81,31,32
v0000032_KM, 45.5625,  0.6045,  0.675,204.2469,50,76.04412,58,33
v0000032_KM,    31.5, 0.64439,    0.7,154.6964,47,75.80833,35,34
v0000032_KM,    67.5,   0.584,0.71429,207.1667,45,67.48684,47,35
v0000032_KM, 43.3125, 0.63866,0.77778,187.6623,43, 43.2093,14,36
v0000032_KM,    40.5, 0.48301,0.72727, 228.125,37,113.4141,47,37
v0000032_KM,  30.375, 0.42305,   0.75,   130.5,30,75.78448,22,38
v0000032_KM, 61.3125, 0.52408,0.64497,160.9083,51,63.03289,58,39
v0000032_KM,  23.625, 0.47518,0.85714,213.1429,29,118.7308,50,40
v0000032_KM,  19.125, 0.52241,0.60714,182.5882,36, 110.287,30,41
v0000032_KM, 39.9375,  0.6949,0.71717,166.4225,53,37.38281,17,42
v0000032_KM, 20.8125, 0.53063,0.88095,151.7838,46,   80.72,24,43
v0000032_KM, 51.1875, 0.29738,0.82727,211.2418,43,69.04545,38,44
v0000032_KM, 52.3125, 0.89662,0.83036,142.4516,51,79.53901,43,45
v0000032_KM, 14.0625, 0.65665,0.71429,  140.28,41,77.17708,25,46
v0000032_KM, 60.1875, 0.77374, 0.6859,191.8692,51,73.95946,44,47
v0000032_KM,   24.75, 0.77416,0.69841,126.5909,43,65.10714,27,48
v0000032_KM,  50.625, 0.86644,0.71429,196.9333,40,95.32143,48,49
v0000032_KM,      45,0.099211,0.72727,  196.85,46, 81.7803,32,50
v0000032_KM, 47.8125, 0.45461,0.77273,212.8941,43,77.15152,56,51
v0000032_KM, 34.3125, 0.68515,0.67778,212.0164,46,93.04032,55,52
v0000032_KM,  30.375, 0.58896,0.66667,121.4815,39,   58.05,34,53
v0000032_KM,      54, 0.58048,0.72727,138.3542,49,64.30714,21,54
v0000032_KM, 27.5625, 0.61405,  0.875,191.7143,48,79.07407,32,55
v0000032_KM,   74.25, 0.40343,0.72527,178.2803,56,61.57692,49,56
v0000032_KM,   20.25, 0.78894,    0.8,89.41667,52,   52.75,26,57
v0000032_KM, 78.1875, 0.49699,0.71282,201.9928,53,    47.2,44,58
v0000032_KM, 29.8125, 0.61418,0.82812,64.49057,44,32.00893,36,59
v0000032_KM,  86.625, 0.88539,0.61111, 164.987,51,61.66477,26,60
v0000032_KM, 21.9375, 0.39457,0.79592,126.0256,51,75.58654,32,61
v0000032_KM, 37.6875, 0.81649,0.79762,143.3881,44,82.40323,40,62
v0000032_KM,104.0625, 0.66261,0.72549,245.7297,26,176.3778,44,63
v0000032_KM,  66.375, 0.45466,0.75641,231.4576,43,76.96622,51,64
v0000032_KM, 50.0625, 0.87444,0.65926,104.4494,32,57.97222,36,65
v0000032_KM, 56.8125, 0.79991,0.70139,92.42574,36,51.13889,16,66
v0000032_KM,  64.125, 0.62562,0.79167,202.9561,50,70.51389,30,67
v0000032_KM,  43.875, 0.40628,0.70909, 231.859,42,87.94697,46,68
v0000032_KM,  25.875, 0.88053,0.63889,102.7391,60,24.39655,21,69
v0000032_KM,    31.5, 0.71543,0.63636,206.0536,38,95.89516,51,70
v0000032_KM,      72,  0.7695,    0.8,121.1328,50,69.25658,26,71
v0000032_KM, 111.375, 0.78363,0.74436,149.3737,51,61.86111,31,72
v0000032_KM,   130.5, 0.51639,0.80556,184.0216,53,48.15217,21,73
v0000032_KM,    31.5, 0.89518,0.58333,122.5357,27,67.14062,31,74
v0000032_KM, 17.4375, 0.80352,0.63265,126.3226,44,58.38462,27,75
v0000033_KM, 19.125,0.77064,0.69388,16.52941,53,54.99038,46, 1
v0000033_KM,  47.25,0.52244,0.69421,186.8333,49,75.66912,55, 2
v0000033_KM,68.0625,0.56618,0.72024,209.7521,45,84.32258,54, 3
v0000033_KM,   67.5,0.77847,   0.75,  198.05,42,89.06579,56, 4
v0000033_KM,59.0625,0.65167,0.73427,205.2095,42,89.92361,27, 5
v0000033_KM,  47.25,0.78248,0.80769,  223.25,34,95.43939,41, 6
v0000033_KM,38.8125,0.68055,0.76667,139.8406,47,67.15323,28, 7
v0000033_KM, 46.125,0.68781,0.68333,223.6341,35,74.88235,57, 8
v0000033_KM,19.6875, 0.5088,0.83333,140.6286,51,   78.58,23, 9
v0000033_KM,36.5625,0.75934,0.77381,190.3385,46,71.87097,38,10
v0000033_KM, 21.375,0.90593,   0.76,96.15789,37,55.96364,24,11
v0000033_KM,46.6875,0.70918,0.68595,230.0602,43,89.31618,50,12
v0000033_KM,36.5625,0.60002,0.72222,177.4615,39,110.3548,43,13
v0000033_KM, 66.375,0.87111,0.77124,130.8898,52,82.45395,55,14
v0000033_KM, 16.875,0.78818,   0.75,161.1667,47,    67.1,26,15
v0000033_KM,     18,0.77922,    0.8,  161.25,46,   75.99,21,16
v0000033_KM,62.4375,0.64496,0.72078,222.8378,46,93.34459,55,17
v0000033_KM,99.5625,0.87657,0.57843,164.8305,47,61.37766,37,18
v0000033_KM, 46.125,0.71268,0.75926,214.9024,44,62.09091,28,19
v0000033_KM, 39.375,0.61174,0.70707,138.0714,50,61.57812,27,20
v0000033_KM,20.8125,0.74762,0.77083,117.3784,34,79.50962,29,21
v0000033_KM,   58.5,0.81778,0.74286,215.8269,41,      78,58,22
v0000033_KM, 21.375,0.62938,0.67857,165.5789,39,82.53704,33,23
v0000033_KM,     72,0.68244,0.71111, 230.375,51,76.66026,34,24
v0000033_KM,19.6875, 0.8695,0.77778,141.9143,49,71.98077,34,25
v0000033_KM,52.3125,0.61665,  0.775,193.1505,47,67.18978,29,26
v0000033_KM,  60.75,0.58424, 0.7013,201.2407,48,63.76351,30,27
v0000033_KM,32.0625,0.74597, 0.7125,116.4386,46, 56.4876,35,28
v0000033_KM,21.9375,0.68113, 0.8125,103.7949,39,61.52885,17,29
v0000033_KM, 66.375,0.59303,0.76623,148.7288,54,50.25676,24,30
v0000033_KM,     45,0.77489,0.60606,119.3875,50,73.08571,30,31
v0000033_KM,72.5625, 0.7497,0.67188,159.3721,52, 54.1125,31,32
v0000033_KM, 57.375, 0.6974,0.70833,219.2059,46, 62.4375,57,33
v0000033_KM, 64.125,0.39568,0.73077,215.1404,51,54.07432,36,34
v0000033_KM,16.3125,0.69515,0.69048,127.5517,51,   58.87,25,35
v0000033_KM, 43.875,0.89369,0.61905,226.5513,31,   100.8,40,36
v0000033_KM,  20.25,0.92401,    0.6,178.6944,41,  97.375,36,37
v0000033_KM, 23.625,0.88352,0.63636,87.16667,25,59.30172,15,38
v0000033_KM,48.9375,0.94751,0.65414,231.7241,42,83.60526,39,39
v0000033_KM,  33.75,0.51198,0.74074,   168.8,42,69.95833,25,40
v0000033_KM,  51.75,0.71114,0.70769,221.2826,42,    74.1,35,41
v0000033_KM,42.1875,0.26388,   0.75,109.3733,39,60.23438,32,42
v0000033_KM,43.3125,0.88333, 0.6875,195.5455,40,100.4044,48,43
v0000033_KM,50.0625,0.44856,0.80909,225.9438,35,96.43182,41,44
v0000033_KM,     27,0.77224,    0.8, 137.125,49,62.88393,38,45
v0000033_KM,38.8125,0.88587,0.70408,230.2319,44,86.51515,40,46
v0000033_KM,     45, 0.7869,0.76923,   235.7,32,85.25373,41,47
v0000033_KM,  38.25,0.81166,0.77273,221.5147,38,      95,32,48
v0000033_KM,46.6875,0.39041,0.75455,232.0482,42,91.38636,45,49
v0000033_KM, 25.875,0.74511,  0.575,169.1957,43,100.6167,30,50
v0000033_KM,27.5625, 0.8562,0.54444,210.5918,35,101.1694,53,51
v0000033_KM,35.4375,0.49467,0.71591,165.8889,47,  67.016,31,52
v0000033_KM,96.1875,  0.558, 0.7125,193.3977,45,61.43182,38,53
v0000033_KM, 19.125,0.89999,0.56667,169.7059,35,93.89286,51,54
v0000033_KM, 61.875,0.71596,0.71429,222.2636,54,44.67568,25,55
v0000033_KM,29.8125, 0.7808,0.58889,182.3962,52,52.91129,48,56
v0000033_KM,66.9375,0.58499,0.70833, 212.479,48,58.36842,46,57
v0000046_KM,   31.5,0.42573,0.77778, 196.4643,53,51.85345,33, 1
v0000046_KM,18.5625,0.79872,0.67347, 170.0606,44,66.34615,30, 2
v0000046_KM, 50.625,0.91981,    0.5,    191.5,45,57.48077,32, 3
v0000046_KM,24.1875,0.71641,0.68254, 205.6977,51,68.49107,35, 4
v0000046_KM,33.1875,0.50795,0.81944, 243.9153,30,181.2931,44, 5
v0000046_KM, 48.375,0.63862, 0.7963, 160.8721,50,51.81343,33, 6
v0000046_KM,45.5625,0.42433,   0.81, 226.9136,41,  92.375,40, 7
v0000046_KM,  83.25,0.46026,0.81319, 186.4189,44,91.05769,55, 8
v0000046_KM,28.6875,0.90048,0.70833,      113,54,69.76667,47, 9
v0000046_KM,   40.5,0.43606,   0.72, 139.1667,53,46.77344,20,10
v0000046_KM,43.3125,0.35532,   0.77, 232.3377,30,124.2422,49,11
v0000046_KM,62.4375,0.42579,0.77083, 199.4234,43,61.80556,28,12
v0000046_KM,26.4375,0.74854,0.65278, 168.2766,47,50.89655,24,13
v0000046_KM,     45,0.69918,0.72727,  185.525,46,58.10606,36,14
v0000046_KM,27.5625,0.57494,0.68056, 103.9592,29,56.12931,51,15
v0000046_KM, 59.625,0.52758,0.74126, 203.1698,50,62.98611,38,16
v0000046_KM,27.5625,0.81113,0.81667, 151.4082,49,86.73214,39,17
v0000046_KM,35.4375,0.67616,0.57273, 80.46032,32,41.57463,15,18
v0000046_KM,20.8125, 0.7611,0.68519, 173.8649,35,111.6296,42,19
v0000046_KM,30.9375,0.74425,0.76389, 213.6182,34,113.5259,54,20
v0000046_KM,78.1875,0.72571,0.76374,  103.705,35,55.84615,21,21
v0000046_KM,26.4375,0.89034,0.58025, 107.5532,36,64.14167,27,22
v0000046_KM, 39.375,0.69324,0.70707, 100.6286,54,62.47656,36,23
v0000046_KM,33.1875,0.69733, 0.7375, 114.9661,49,  70.125,55,24
v0000046_KM,   22.5,0.74506,0.74074,  177.425,41,92.08333,25,25
v0000046_KM,57.9375,0.42918, 0.7803, 162.0291,55,31.15714,22,26
v0000046_KM,   58.5,0.72511,0.67532, 209.1731,50,48.30405,29,27
v0000046_KM, 46.125,0.49303,0.82828, 217.7317,47,60.49219,23,28
v0000046_KM,  51.75,0.87524,0.71875, 157.2609,48,53.54167,38,29
v0000046_KM,41.0625,0.61047,0.66364, 192.7123,45,49.33333,31,30
v0000046_KM,11.8125,0.53296,   0.84, 132.2381,58,50.55682,35,31
v0000046_KM,25.3125,0.84485,0.68182, 103.8222,37, 54.9569,25,32
v0000046_KM,   58.5,0.79087,0.61538, 161.3365,51,56.33553,37,33
v0000046_KM,60.1875,0.54457,0.74306, 223.0841,41,80.90278,41,34
v0000046_KM, 68.625,0.82357,0.73939, 92.92623,55,43.97368,32,35
v0000046_KM,34.3125, 0.8626,0.63542, 132.2295,50,57.13281,18,36
v0000046_KM,   49.5,0.75632,0.67692, 180.2159,42,   75.95,22,37
v0000046_KM,   31.5,0.84435,0.72727, 132.3929,52,47.54167,39,38
v0000046_KM,  47.25,0.82129,0.80769,      128,50,50.84848,26,39
v0000046_KM, 52.875,0.88231,0.73438, 124.8936,57,41.47917,31,40
v0000046_KM, 23.625,0.64766,  0.875,0.8095238, 3,56.01923,51,41
v0000047_KM,42.1875,0.88774,0.64103,  195.16,44,83.22794,31, 1
v0000047_KM, 55.125,0.26575,0.80992,   204.5,48,48.44118,24, 2
v0000047_KM,39.9375, 0.5969,0.71717,146.3944,45,80.23438,35, 3
v0000047_KM,  33.75,0.87487,0.83333,212.3333,41,103.0083,50, 4
v0000047_KM,34.3125,0.82171,0.67778,211.0328,41,127.9032,51, 5
v0000047_KM,   40.5,0.61427,0.72727,207.7917,44,59.40625,30, 6
v0000047_KM,  33.75,0.90334,0.71429,  151.35,43,80.03226,34, 7
v0000047_KM,62.4375,0.45481,0.77083,190.7477,47,84.98611,48, 8
v0000047_KM,  29.25,0.81123,0.74286,120.7885,23,72.13793,37, 9
v0000047_KM, 39.375,0.87639,0.89744,   165.7,45,91.27419,33,10
v0000047_KM, 41.625,0.61718,   0.74,231.2027,43,90.06202,54,11
v0000047_KM,  24.75,0.84028,0.69841,211.6364,41, 86.1875,33,12
v0000047_KM, 23.625,0.39805,   0.75,136.4762,46,   84.25,26,13
v0000047_KM,60.1875,0.44513,0.81061, 170.215,57,38.57857,32,14
v0000047_KM, 59.625,0.81988,0.73611,183.8585,46,70.32432,35,15
v0000047_KM,     27,0.83127,    0.8,135.0833,28,74.33929,25,16
v0000047_KM, 52.875, 0.3212,0.77686,187.8404,53,43.46324,14,17
v0000047_KM, 39.375,0.62277,0.77778,208.2286,38,96.33871,55,18
v0000047_KM, 28.125,0.77252,0.71429,   129.2,51,53.93966,31,19
v0000047_KM, 66.375,0.47118,0.69822,195.7119,47,80.46711,21,20
v0000047_KM, 21.375,0.47327,0.77551,159.8158,48,66.94231,30,21
v0000047_KM,32.0625,0.84324,0.86364,96.38596,48,46.16379,17,22
v0000047_KM,33.1875,0.63278, 0.7284,121.3729,50,    62.4,23,23
v0000047_KM,70.3125,0.65511,0.75758, 225.424,40,76.23026,38,24
v0000047_KM,46.6875,0.80681,0.79808, 211.012,35,114.1061,48,25
v0000047_KM,73.6875,0.54108,0.77976,200.5115,47,72.57237,45,26
v0000047_KM, 39.375,0.38709, 0.8642,136.9286,50,  52.525,24,27
v0000047_KM,17.4375, 0.7975,0.68889,157.7419,41,73.93269,35,28
v0000047_KM, 48.375,0.44471,0.78182, 216.907,52,49.82576,31,29
v0000047_KM,30.9375,0.87715,0.76389,184.2727,43,65.09167,34,30
v0000047_KM, 59.625,0.84176,0.78519,125.3962,49,69.64583,43,31
v0000047_KM, 32.625,0.62589,  0.725,199.4138,41,102.1333,51,32
v0000047_KM,   76.5,0.52654,0.74725,  196.75,45,64.21154,31,33
v0000047_KM,50.0625,0.69395,0.76068,212.5506,35,119.5147,50,34
v0000047_KM,51.1875,0.64928,0.75833,203.7912,44,47.58824,21,35
v0000047_KM, 9.5625,0.86257,0.94444,162.7647,47,85.39286,38,36
v0000047_KM,39.9375,0.51165,   0.71,155.3239,50,91.96094,34,37
v0000047_KM,71.4375,0.53939,0.75595,152.1417,56,69.17105,50,38
v0000047_KM,42.1875,0.59873,0.68182,215.9333,50,100.3106,53,39
v0000047_KM,32.0625,0.79792, 0.7125,221.2281,38,87.08333,55,40
v0000047_KM, 10.125,0.68483,    0.9,   131.5,45,74.79762,33,41
v0000047_KM,66.9375,0.74068,0.77273,165.0756,52,68.47973,58,42
v0000047_KM,48.9375,0.75644,0.62143,229.7586,31,134.0764,50,43
v0000047_KM,47.8125,0.51076,0.77273,191.2588,51,44.14394,21,44
v0000047_KM, 46.125,0.43379,0.67769,218.8537,41,68.75735,28,45
v0000047_KM, 14.625,0.69539,0.86667,174.3846,45,94.82609,38,46
v0000047_KM, 21.375,0.82189,0.84444,162.6842,42,73.90385,41,47
v0000047_KM,14.0625,0.80929,  0.625,  178.68,44,   70.73,32,48
v0000047_KM,  51.75,0.53879,0.76033,148.2717,50,78.63971,29,49
v0000047_KM,37.6875,0.73822,0.67677,176.0149,44,82.92188,34,50
v0000047_KM,     45,  0.824,0.71429,   179.9,46,104.6176,52,51
v0000047_KM,36.5625,0.74422,0.73864,     183,38,116.7742,49,52
v0000047_KM,  29.25,0.33669, 0.8125,148.1346,49,83.15179,27,53
v0000047_KM, 21.375,0.63107,0.79167,158.9474,51,88.83654,25,54
v0000047_KM,75.9375,0.44425,0.74176,   167.6,48,77.86538,58,55
v0000047_KM,21.9375,0.76178,0.79592,135.4615,44,  63.625,22,56
v0000047_KM, 41.625,0.45778,0.82222,141.8784,50,47.51613,46,57
v0000047_KM,84.9375,0.58385,0.67111,177.4305,48,98.39881,58,58
v0000047_KM,  42.75,0.76019,0.79167,202.5921,39,74.21875,42,59
v0000047_KM,  78.75,0.75337,0.72917,158.7786,50,76.78125,57,60
v0000047_KM,19.6875, 0.6872,0.72917,129.3143,39,68.27885,40,61
v0000047_KM,36.5625,0.67209, 0.8125,161.2308,48,72.79167,21,62
v0000047_KM,20.8125, 0.7979,0.77083,203.4865,37,127.3942,48,63
v0000047_KM, 46.125,0.78545,0.78846, 215.561,43,78.98485,58,64
v0000047_KM,23.0625,0.63887,0.73214,202.7561,37,112.2593,51,65
v0000047_KM,43.3125,0.68799,0.71296,194.2208,43,82.41667,36,66
v0000047_KM,18.5625,0.71316,0.94286,202.5455,46,107.5417,52,67
v0000047_KM,36.5625,0.89228,0.53719,178.1538,45,59.42647,59,68
v0000047_KM, 59.625,0.34018,0.80303,213.5377,49,51.88571,46,69
v0000047_KM,  42.75,0.70626,0.76768,173.9868,43,59.61719,23,70
v0000047_KM,29.8125,0.67671, 0.6625,215.6604,52,68.44167,59,71
v0000047_KM,32.0625,0.94936,  0.475,194.6842,38,76.80714,35,72
v0000047_KM,15.1875,0.66943,    0.9,180.5926,39,85.90217,39,73
v0000047_KM, 23.625,0.75105,0.77778,157.2857,50,70.92793,32,74
v0000047_KM, 19.125,0.61022,0.80952,149.8235,43,   84.92,52,75
v0000047_KM,29.8125, 0.6089,0.84127,189.5472,43, 78.5625,55,76
v0000047_KM,   40.5,0.86418,0.79121,179.6944,46,95.92188,51,77
v0000047_KM,   58.5,0.53162,0.78788,158.3942,45,    82.8,56,78
v0000047_KM,20.8125, 0.7795,  0.925,186.5676,46,   77.74,55,79
v0000047_KM,  20.25,0.75117,0.73469,200.4444,46,86.71154,44,80
v0000047_KM,   13.5,0.74095,    0.8,158.2917,44,53.94565,22,81
v0000047_KM,79.3125,0.82649,0.69118,173.0993,46,71.35976,56,82
v0000047_KM, 16.875,0.77412,0.85714,155.1667,49,83.36458,35,83
v0000047_KM, 16.875,0.77321,0.85714,53.96667,42,31.28125,28,84
v0000047_KM,  20.25,0.75117,0.73469,10.27778,12,62.84615,48,85
v0000048_KM, 30.375,0.70435,0.77143,156.2407,48,   60.25,32, 1
v0000048_KM,72.5625,0.88776,0.71667,148.5581,52,71.28125,35, 2
v0000048_KM,45.5625,0.82704,    0.6,212.4568,40,98.01389,54, 3
v0000048_KM,38.8125, 0.8051,0.82143,216.1304,42,68.54032,38, 4
v0000048_KM,   22.5,0.79125,0.83333,   119.2,41,47.73077,27, 5
v0000048_KM,25.3125,0.61105,0.71429,130.0667,52,47.96429,17, 6
v0000048_KM,20.8125,0.75802,0.77083,114.3784,41,35.55769,24, 7
v0000048_KM,73.6875,0.75534,0.74432,181.8397,50,49.16026,27, 8
v0000048_KM,  47.25,0.83326,0.71795,82.61905,64,48.16176,36, 9
v0000048_KM,38.8125,0.44021,0.69697,225.6667,37,96.64062,50,10
v0000048_KM,14.0625,0.73516,0.69444,  180.36,37,79.21875,54,11
v0000048_KM,25.3125, 0.9106,0.68182,191.5556,41,65.56034,64,12
v0000048_KM,47.8125,0.64552,0.77273,214.2941,45,101.6364,53,13
v0000048_KM,30.9375,0.76603,0.71429,205.1091,44,48.40833,18,14
v0000048_KM,37.6875,0.71442,0.76136,147.0746,50,61.29032,21,15
v0000048_KM,53.4375,0.69199,0.73077,118.1474,44,59.37857,23,16
v0000048_KM, 30.375,0.83974,0.61364,188.2963,38,86.24194,44,17
v0000048_KM,55.6875,0.66859, 0.6875,122.4242,46,82.86806,43,18
v0000048_KM,25.3125,0.62853,0.70312,   185.8,44,90.15179,50,19
v0000048_KM,48.9375,0.67457,0.80556,238.7931,37,78.09848,38,20
v0000048_KM,48.9375, 0.8366,0.64444,224.3678,34,106.3889,46,21
v0000048_KM,     18,0.58599, 0.7619,216.9062,28,   87.17,37,22
v0000048_KM,33.1875,0.35617, 0.7284,202.7119,36,  88.475,51,23
v0000048_KM, 43.875,0.75831,0.72222,226.9615,43,81.28788,55,24
v0000048_KM,   49.5,0.42743,    0.8, 224.625,48,90.38636,51,25
v0000048_KM,34.3125,0.75995,0.67778,225.7213,41,  73.776,38,26
v0000048_KM,42.1875,0.59344,0.61983,  210.44,38,69.47794,22,27
v0000048_KM,36.5625,0.63359, 0.8125,229.7385,34,98.23333,56,28
v0000048_KM, 50.625,0.81436,0.71429,216.0556,50,53.61429,26,29
v0000048_KM,35.4375,0.77835,0.71591,151.7143,44,85.87097,24,30
v0000048_KM,  15.75,0.69515,    0.8,183.8214,47,68.52083,24,31
v0000048_KM,63.5625,0.84267,0.62778,197.1681,46,73.38608,35,32
v0000048_KM,37.6875,0.80768,0.79762,     203,34,120.9032,50,33
v0000048_KM,     54, 0.8235,0.61538,128.8229,54,59.91447,48,34
v0000048_KM,38.8125,0.65951,0.76667,180.4203,43, 102.879,33,35
v0000048_KM,  29.25,0.61731, 0.8254,200.8269,39, 79.9375,28,36
v0000048_KM,59.0625,0.65435,0.80769,186.0667,44,75.71429,34,37
v0000048_KM,19.6875, 0.2363,0.71429,148.9143,39,80.95192,23,38
v0000048_KM,43.3125,0.72005,0.71296,218.1169,43,87.40152,32,39
v0000048_KM,60.1875,0.86576,0.74306,217.7103,40,77.89865,45,40
v0000048_KM, 34.875,0.59884,  0.775,133.8226,47,52.55833,21,41
v0000048_KM,42.1875,0.69265,0.69444,  225.24,43,86.57143,38,42
v0000048_KM,23.0625,0.70464,0.73214,122.5366,54,46.94444,23,43
v0000048_KM, 55.125,0.49624,0.80992,13.09184,41,19.76471,16,44
v0000048_KM,     54,0.71944,0.72727,135.7396,43,69.47143,34,45
v0000048_KM,   40.5,0.60872,    0.8,206.4444,42,84.25806,34,46
v0000048_KM, 19.125,0.79413,   0.85,191.9412,43,   84.15,41,47
v0000048_KM, 64.125,0.69958,0.81429,191.6404,49,38.88194,22,48
v0000048_KM,20.8125,0.70603, 0.7551,140.4054,45,78.43269,26,49
v0000048_KM,  56.25,0.89356,  0.625,  140.28,48,55.61184,27,50
v0000048_KM,     18,0.79378,    0.8,  170.25,36,  105.18,32,51
v0000048_KM,65.8125,0.56275,   0.75,196.8718,53,36.52027,18,52
v0000048_KM,   40.5,0.56944,0.72727,190.4583,48,51.52344,33,53
v0000048_KM,46.6875, 0.5734,0.69167,218.0602,40,70.36029,38,54
v0000048_KM, 59.625,0.77958,0.68831,150.3113,47,67.87162,23,55
v0000048_KM, 43.875,0.86725,0.59091,219.3462,45,76.97857,47,56
v0000048_KM,  33.75,0.76728,0.77922,133.5667,51,49.59167,33,57
v0000048_KM, 66.375,0.74362,0.71515,185.1017,43,64.40789,30,58
v0000048_KM, 41.625,0.86325,0.63248,205.7973,46,64.40441,34,59
v0000048_KM,19.6875,0.76187,0.72917,119.5714,46,54.92308,23,60
v0000048_KM,  42.75,0.29897,   0.76,198.4868,46, 57.4375,25,61
v0000048_KM,  96.75,0.89421,0.78182,106.5581,45,  65.125,26,62
v0000048_KM, 21.375,0.76088, 0.7037,     153,46,66.36111,39,63
v0000048_KM, 37.125,0.69552,   0.66,114.3333,52,  50.375,23,64
v0000048_KM,  33.75,0.77271,0.66667,131.6667,50,    55.5,34,65
v0000048_KM, 37.125,0.70194,0.94286,93.13636,44,43.53448,31,66
v0000048_KM,74.8125,0.74279,0.75568,140.6541,53, 55.8141,38,67
v0000048_KM,59.0625,0.54707,0.73427,158.8476,50,39.28472,17,68
v0000048_KM,34.3125,0.73177,0.87143,187.2131,49,68.43966,31,69
v0000048_KM,  60.75,0.66544,0.63905,209.2315,41,114.7368,56,70
v0000048_KM,45.5625,0.74495,   0.75,229.1358,42,103.0303,53,71
v0000048_KM,37.6875,0.82637,0.69792,201.2687,39, 92.1875,37,72
v0000048_KM,  60.75,0.40254,0.81818,161.2685,53,43.20714,40,73
v0000048_KM,44.4375,0.57167,0.71818,216.7342,46,53.51515,29,74
v0000048_KM,  29.25,0.79364,0.86667,214.4808,42, 61.0625,40,75
v0000048_KM, 37.125,0.55614,0.81481,203.5455,50,  67.725,34,76
