v0000026,  23.625, 0.4803, 0.17157,  1
v0000026,      18,0.49718, 0.13922,  2
v0000026,  19.125,0.39781,  0.1049,  3
v0000026, 36.5625,0.51692, 0.18333,  4
v0000026, 36.5625, 0.6829, 0.15392,  5
v0000026,    76.5,0.71485, 0.18529,  6
v0000026,  82.125,0.79267, 0.17647,  7
v0000026,   87.75,0.61993, 0.17451,  8
v0000026,  55.125,0.87207, 0.16863,  9
v0000026, 53.4375,0.56413, 0.19706, 10
v0000026, 20.8125, 0.5204, 0.18235, 11
v0000026,  21.375,0.47183, 0.16863, 12
v0000026, 28.6875,0.77501,  0.1402, 13
v0000026,  59.625,0.72871, 0.18137, 14
v0000026,  59.625,0.43855, 0.15294, 15
v0000026,  59.625,0.71077, 0.17647, 16
v0000026, 46.6875,0.51425, 0.19412, 17
v0000026,   47.25,0.74211, 0.14902, 18
v0000026,    67.5,0.76542, 0.19804, 19
v0000026,      27,0.44003, 0.15196, 20
v0000026, 54.5625,0.77223, 0.16176, 21
v0000026,101.8125,0.91065, 0.13235, 22
v0000026, 53.4375,0.71827, 0.18137, 23
v0000026, 79.3125,0.61085, 0.19608, 24
v0000026, 44.4375,0.63306, 0.17647, 25
v0000026, 28.6875,0.70757, 0.13922, 26
v0000026,   56.25,0.42247, 0.21176, 27
v0000026,      36,0.53162, 0.12549, 28
v0000026,   87.75,0.97142,0.092157, 29
v0000026, 77.0625,0.92666, 0.16176, 30
v0000026, 41.0625,0.66409, 0.17745, 31
v0000026,  30.375, 0.6947, 0.15196, 32
v0000026,    40.5,0.43132,  0.1902, 33
v0000026,    58.5,0.62922, 0.16961, 34
v0000026,  66.375,0.86537,  0.1451, 35
v0000026,  59.625,0.68868, 0.16569, 36
v0000026, 18.5625,0.44955,0.091176, 37
v0000026,   47.25,0.51863, 0.17353, 38
v0000026, 48.9375,0.58891, 0.18824, 39
v0000026,      27,0.56863, 0.15686, 40
v0000026, 17.4375,0.38052,0.063725, 41
v0000026,      27, 0.5232, 0.13431, 42
v0000026,  37.125,0.54159, 0.15686, 43
v0000026, 70.3125,0.71175, 0.17255, 44
v0000026, 64.6875,0.49985, 0.13922, 45
v0000026,   42.75,0.62678, 0.16373, 46
v0000026, 53.4375,0.70642, 0.16765, 47
v0000026, 62.4375, 0.7368, 0.18235, 48
v0000026, 45.5625,0.63529, 0.17647, 49
v0000026,  64.125,0.67104, 0.14314, 50
v0000026,  39.375,0.40224,  0.1549, 51
v0000026,  48.375,0.72896, 0.18824, 52
v0000026, 38.8125,0.46002, 0.13824, 53
v0000026,  23.625,0.51326, 0.11863, 54
v0000026, 32.0625,0.53381, 0.13529, 55
v0000026,   56.25, 0.6402, 0.18333, 56
v0000026, 43.3125,0.72131, 0.16275, 57
v0000026,   96.75,0.78144, 0.16471, 58
v0000026,   33.75,0.39575,     0.1, 59
v0000026,    76.5, 0.6434, 0.18627, 60
v0000026, 32.0625,0.52872, 0.13627, 61
v0000026,      45,0.64828, 0.17451, 62
v0000026,  43.875,0.96938,0.096078, 63
v0000026, 41.0625,0.49568, 0.20196, 64
v0000026,  19.125,0.56701, 0.18137, 65
v0000026, 52.3125,0.49357, 0.18431, 66
v0000026,  21.375,0.47544,0.093137, 67
v0000026,  19.125,0.34937,0.091176, 68
v0000026, 56.8125,0.56494, 0.16961, 69
v0000026,   60.75,0.53279, 0.20196, 70
v0000026,  23.625,0.44556,  0.1098, 71
v0000026,      36,0.55576, 0.16863, 72
v0000026,100.6875,0.56067, 0.19412, 73
v0000026,  55.125,0.59108, 0.17353, 74
v0000026,      36,0.65055, 0.19412, 75
v0000026, 52.3125,0.75277, 0.17255, 76
v0000026, 17.4375,0.44137,0.094118, 77
v0000026,   74.25,0.61182, 0.18725, 78
v0000026, 30.9375,0.54702, 0.12745, 79
v0000026, 35.4375,0.46275, 0.13039, 80
v0000026,104.0625,0.97075, 0.13039, 81
v0000026, 45.5625,0.48351,     0.2, 82
v0000026,   56.25,0.73945, 0.19314, 83
v0000026, 65.8125,0.73481, 0.18137, 84
v0000026,  70.875,0.75861, 0.17941, 85
v0000026,  43.875,0.83464, 0.14216, 86
v0000026,   29.25,0.56373, 0.13529, 87
v0000026,    58.5,0.56663, 0.20294, 88
v0000026, 34.3125, 0.4072,0.096078, 89
v0000026, 50.0625,0.71227, 0.17353, 90
v0000026,      54,0.65249, 0.17647, 91
v0000026, 74.8125,0.89102, 0.16765, 92
v0000026,  39.375,0.71193, 0.14804, 93
v0000026, 56.8125,0.53729, 0.18824, 94
v0000026, 57.9375,0.54925, 0.20784, 95
v0000026, 34.3125,0.56021, 0.15882, 96
v0000026,  46.125,0.42166, 0.17647, 97
v0000026,   29.25,0.63446, 0.17549, 98
v0000026, 24.1875,0.56963, 0.14608, 99
v0000026,      18,0.45147,0.065686,100
v0000026,    58.5,0.67832, 0.18922,101
v0000026,    31.5,0.55098, 0.11569,102
v0000026,  50.625,0.56031,  0.1902,103
v0000026,      45,0.44975, 0.19706,104
v0000026, 53.4375,0.45779, 0.14902,105
v0000026,  41.625,0.35766, 0.15588,106
v0000026,   65.25,0.68408, 0.17843,107
v0000026,   69.75,0.58299,  0.1951,108
v0000026, 56.8125,0.74917, 0.18922,109
v0000026,   33.75,0.42399, 0.19216,110
v0000026,    76.5,0.64775, 0.17843,111
v0000026, 19.6875,0.42387, 0.14902,112
v0000026, 24.1875, 0.5088, 0.14706,113
v0000026,   47.25,0.43161,  0.1451,114
v0000026,  46.125,0.72468, 0.17647,115
v0000026,  48.375,0.56817, 0.18725,116
v0000026,  19.125,0.44821,0.087255,117
v0000026, 53.4375,0.50568,  0.2049,118
v0000026,  68.625,0.52607, 0.21078,119
v0000026,  43.875, 0.5006, 0.19608,120
v0000026, 19.6875, 0.3749,0.091176,121
v0000026,   42.75,0.46326, 0.15196,122
v0000026,  37.125,0.55948, 0.19216,123
v0000026, 20.8125,0.47271, 0.12353,124
v0000026, 27.5625,  0.495, 0.16667,125
v0000026, 32.0625, 0.5473, 0.16765,126
v0000026,      54,0.59828, 0.18725,127
v0000026,   29.25,0.58846, 0.19412,128
v0000026, 43.3125,0.60051, 0.18235,129
v0000026, 57.9375,0.63701, 0.20686,130
v0000026,  19.125,0.32399,0.068627,131
v0000026, 20.8125,0.38951, 0.16471,132
v0000027, 61.3125,0.71229, 0.16863,  1
v0000027,  88.875,0.67041, 0.18922,  2
v0000027,  19.125,0.37924, 0.12843,  3
v0000027, 50.0625,0.71712, 0.17157,  4
v0000027, 17.4375,0.48261, 0.09902,  5
v0000027,  70.875, 0.6235, 0.21078,  6
v0000027,   74.25,0.81536, 0.17157,  7
v0000027,   38.25,0.50208, 0.17157,  8
v0000027, 32.0625,0.61527, 0.16569,  9
v0000027,  77.625, 0.9158, 0.17549, 10
v0000027,      81,0.83502, 0.16078, 11
v0000027, 89.4375, 0.9064, 0.16863, 12
v0000027,   78.75,0.80891, 0.16078, 13
v0000027, 28.6875,  0.413,0.096078, 14
v0000027, 73.6875,0.79356, 0.16373, 15
v0000027,    67.5,0.65441, 0.19118, 16
v0000027,    40.5,0.69346, 0.17255, 17
v0000027,  64.125,0.69972,  0.1902, 18
v0000027, 18.5625,0.56411, 0.16373, 19
v0000027,    76.5,0.82016, 0.16275, 20
v0000027,      36,0.66268,  0.1598, 21
v0000027, 24.1875,0.73735, 0.14118, 22
v0000027, 45.5625, 0.5055, 0.16275, 23
v0000027, 37.6875,0.50524, 0.16863, 24
v0000027,  23.625,0.53268,  0.1902, 25
v0000027, 44.4375, 0.6006, 0.19216, 26
v0000027, 64.6875,0.73749, 0.16765, 27
v0000027, 45.5625,0.62082, 0.16667, 28
v0000027,   38.25,0.63731, 0.18235, 29
v0000027,      54,0.80858, 0.13529, 30
v0000027, 34.3125,0.73938, 0.13725, 31
v0000027,   56.25, 0.6898, 0.17745, 32
v0000027,  19.125,0.54048, 0.11961, 33
v0000027, 48.9375,0.76011, 0.17059, 34
v0000027,   65.25,0.77282, 0.16667, 35
v0000027, 23.0625,0.65519, 0.16373, 36
v0000027, 59.0625,0.85856, 0.18235, 37
v0000027,   65.25, 0.6711, 0.19118, 38
v0000027,  41.625,0.77117,  0.1549, 39
v0000027, 39.9375,0.69859, 0.18039, 40
v0000027, 71.4375,0.73549, 0.18627, 41
v0000027, 34.3125,0.60855, 0.16471, 42
v0000027,  77.625, 0.9441, 0.11176, 43
v0000027,  70.875,0.73031, 0.18235, 44
v0000027,    49.5, 0.6008, 0.18725, 45
v0000027,   33.75,0.51928, 0.18039, 46
v0000027, 54.5625,0.66303,  0.1951, 47
v0000027,  21.375,0.43891, 0.18725, 48
v0000027,  34.875,0.55459, 0.18137, 49
v0000027, 47.8125,0.66182, 0.14804, 50
v0000027, 24.1875,0.68764, 0.16078, 51
v0000027,      36,0.59651, 0.16176, 52
v0000027, 54.5625,0.93345, 0.14804, 53
v0000027, 59.0625,0.76926, 0.15882, 54
v0000027,  57.375,0.61949, 0.17353, 55
v0000027, 36.5625,0.56006, 0.20294, 56
v0000027,      63,0.92955, 0.11765, 57
v0000027, 18.5625,0.39489,0.098039, 58
v0000027, 59.0625,0.71612, 0.16471, 59
v0000027, 71.4375,0.80951, 0.13431, 60
v0000027,  52.875, 0.8232, 0.13922, 61
v0000027,  16.875,0.55542, 0.14804, 62
v0000027,   51.75,0.92195, 0.11275, 63
v0000027, 19.6875,0.65356,    0.15, 64
v0000027, 38.8125,0.74481, 0.16765, 65
v0000027, 52.3125,0.69045, 0.15784, 66
v0000027,      54,0.81479, 0.14216, 67
v0000027,    49.5,0.71818, 0.16863, 68
v0000027, 60.1875,0.68972, 0.16275, 69
v0000027,      27,0.74371, 0.16373, 70
v0000027, 34.3125,0.61286, 0.17353, 71
v0000027,  30.375,0.50792, 0.12255, 72
v0000027, 63.5625,0.87736, 0.10882, 73
v0000027,  64.125,0.89728, 0.11569, 74
v0000027, 60.1875,0.77845, 0.15392, 75
v0000027,  88.875,0.52365, 0.16667, 76
v0000027,  46.125,0.78484, 0.16275, 77
v0000027,  21.375,  0.713, 0.16765, 78
v0000027, 41.0625,0.80107, 0.16569, 79
v0000027, 28.6875,0.87013, 0.12353, 80
v0000027,   38.25,0.73241, 0.14902, 81
v0000027, 38.8125, 0.5967, 0.17157, 82
v0000027, 66.9375, 0.5939, 0.17157, 83
v0000027, 46.6875,0.67347, 0.15392, 84
v0000027,    31.5,0.68039, 0.14216, 85
v0000027,  48.375,0.73611, 0.19118, 86
v0000027, 47.8125,0.78187, 0.17647, 87
v0000027,   33.75,0.70183, 0.15392, 88
v0000027, 36.5625, 0.6835, 0.16471, 89
v0000027,  43.875, 0.5085, 0.17647, 90
v0000027, 39.9375,0.72532, 0.16569, 91
v0000027, 34.3125,0.83221, 0.11275, 92
v0000027,  82.125, 0.9477, 0.12157, 93
v0000027,    58.5,0.88982, 0.15588, 94
v0000027, 54.5625,0.86748, 0.12549, 95
v0000027,  37.125,0.81575, 0.12941, 96
v0000027, 56.8125,0.70452, 0.16176, 97
v0000027, 45.5625,0.75313, 0.15588, 98
v0000027, 18.5625,0.56566, 0.11275, 99
v0000027,  21.375,0.78885, 0.13922,100
v0000027, 64.6875,0.67076, 0.18235,101
v0000027,   38.25,0.87341, 0.11471,102
v0000027,   15.75,0.65616,  0.1402,103
v0000027,  70.875,0.85808, 0.15294,104
v0000027,  50.625,0.75782, 0.16667,105
v0000027, 36.5625,0.65412, 0.15294,106
v0000027,  77.625,0.90381, 0.14902,107
v0000027,    40.5, 0.6671, 0.16961,108
v0000027, 46.6875,0.78469, 0.15294,109
v0000027, 30.9375,0.68007,  0.1549,110
v0000027, 26.4375,0.30805,0.085294,111
v0000027,  59.625,0.84661, 0.16569,112
v0000027,   78.75,0.70255, 0.16176,113
v0000027, 43.3125,0.47273,    0.15,114
v0000027,  52.875,0.71894, 0.14804,115
v0000027, 59.0625,0.82233,  0.1549,116
v0000027,  23.625,0.54846,    0.15,117
v0000027, 44.4375,0.74316, 0.17353,118
v0000027, 63.5625,0.79237, 0.16471,119
v0000027, 71.4375,0.87834, 0.18137,120
v0000027,  79.875,0.97647, 0.12549,121
v0000027,      36, 0.7527, 0.18137,122
v0000027,  32.625, 0.6405,  0.1549,123
v0000027, 64.6875,0.64136, 0.19314,124
v0000027, 43.3125,0.70527, 0.17059,125
v0000027,  48.375,0.51578, 0.18137,126
v0000027,   47.25,0.51289, 0.17549,127
v0000027, 44.4375,0.52733, 0.17353,128
v0000027,  39.375,0.50891, 0.15392,129
v0000027,   65.25,0.75801, 0.14412,130
v0000027, 18.5625, 0.4814, 0.19216,131
v0000027,  48.375,0.76183,  0.1598,132
v0000027, 50.0625,0.85592, 0.15882,133
v0000027,    85.5,0.81197, 0.15098,134
v0000027,  41.625,0.49624, 0.18039,135
v0000027, 37.6875,0.46163, 0.13039,136
v0000027, 54.5625,0.75201, 0.15588,137
v0000027,   74.25,0.82326, 0.15098,138
v0000027, 21.9375,0.63007, 0.18725,139
v0000027,  37.125,0.75668, 0.16078,140
v0000027,      18,0.51348, 0.12745,141
v0000027, 63.5625,0.93545, 0.12941,142
v0000027,   83.25,0.68164, 0.18529,143
v0000027,  43.875, 0.6638, 0.17549,144
v0000027, 17.4375,0.43896, 0.11471,145
v0000027,  59.625,0.62597, 0.19902,146
v0000027,    58.5,0.68077, 0.17059,147
v0000027, 39.9375,0.67517,    0.15,148
v0000027,      36,0.51685,  0.1402,149
v0000027, 81.5625,0.70012,  0.1902,150
v0000027,  28.125,0.65153, 0.16667,151
v0000027,120.9375,0.77935, 0.16765,152
v0000027,  50.625,0.78327,  0.1598,153
v0000027,    40.5,0.69804, 0.16078,154
v0000027,    31.5,0.39678,     0.1,155
v0000027, 61.3125,0.79086, 0.17059,156
v0000027, 60.1875,0.64666, 0.18824,157
v0000027, 37.6875,0.71882,  0.1598,158
v0000027, 24.1875,0.60766, 0.15882,159
v0000027, 55.6875,0.60162,  0.2049,160
v0000027,  16.875,0.42863, 0.11667,161
v0000028, 50.0625,0.58343,  0.18039,  1
v0000028, 21.9375,0.60533,  0.13333,  2
v0000028,  25.875,0.55754,  0.14804,  3
v0000028,  57.375,0.74483,  0.17451,  4
v0000028,      81,0.77318,  0.15392,  5
v0000028,  57.375,0.95087,  0.13333,  6
v0000028,      81,0.89924,   0.1598,  7
v0000028, 51.1875,0.88494,  0.14118,  8
v0000028,   65.25,0.72279,     0.15,  9
v0000028,      90, 0.9885, 0.083333, 10
v0000028, 47.8125,0.91755,  0.12255, 11
v0000028,  41.625,0.92682,  0.11961, 12
v0000028,  59.625,0.95364,  0.13137, 13
v0000028,  57.375,0.89635,  0.11471, 14
v0000028, 68.0625,0.78376,  0.15588, 15
v0000028,  43.875,0.65757,  0.16275, 16
v0000028,  25.875,0.66624,  0.17255, 17
v0000028,   38.25,0.68899,  0.17157, 18
v0000028,      63,0.94601,  0.11176, 19
v0000028,   29.25, 0.8325,  0.11863, 20
v0000028,  46.125,0.60354,  0.12745, 21
v0000028,   33.75,0.60007,  0.17549, 22
v0000028,   42.75,0.65877,  0.15784, 23
v0000028,  57.375, 0.9313,  0.11765, 24
v0000028, 53.4375,0.76409,  0.16275, 25
v0000028,  41.625,0.54886,  0.12451, 26
v0000028,  68.625,0.80546,  0.15098, 27
v0000028,      45,0.80191,  0.15784, 28
v0000028, 70.3125, 0.7318,  0.16961, 29
v0000028, 52.3125,0.95707, 0.091176, 30
v0000028,      54, 0.8752,  0.15196, 31
v0000028, 36.5625,0.52296,   0.1549, 32
v0000028, 45.5625,0.84527,  0.12157, 33
v0000028,    49.5,0.85116,  0.14314, 34
v0000028, 64.6875, 0.8713,  0.15098, 35
v0000028, 53.4375,0.78782,  0.15784, 36
v0000028, 28.6875,0.70434,   0.1549, 37
v0000028, 97.3125, 0.8744,  0.15392, 38
v0000028, 52.3125,0.88859,  0.12059, 39
v0000028,  50.625,0.75294,  0.17451, 40
v0000028, 51.1875,0.75398,  0.16569, 41
v0000028, 34.3125,0.65419,  0.16078, 42
v0000028,  43.875,0.71433,  0.12843, 43
v0000028,   29.25,0.69472,  0.14118, 44
v0000028, 39.9375,0.75333,  0.14314, 45
v0000028, 47.8125,0.92881,  0.12647, 46
v0000028,  30.375,0.91169,  0.15392, 47
v0000028,  43.875,0.74766,  0.12843, 48
v0000028,  68.625,0.89341,  0.15588, 49
v0000028,   47.25,0.79594,  0.17059, 50
v0000028, 37.6875,0.73497,  0.15784, 51
v0000028, 26.4375,0.76637,  0.15588, 52
v0000028, 54.5625,0.89881,     0.15, 53
v0000028, 30.9375,0.65569,  0.13922, 54
v0000028,    40.5,0.86307,  0.11569, 55
v0000028, 63.5625,0.72934,  0.17059, 56
v0000028,  34.875,0.57261,  0.18333, 57
v0000028, 32.0625,0.93767,  0.12941, 58
v0000028,  32.625,0.60764,  0.15196, 59
v0000028, 32.0625,0.90409,  0.13431, 60
v0000028, 33.1875,0.74643,  0.13627, 61
v0000028,    58.5,0.94581,  0.10294, 62
v0000028,  32.625,0.64726,  0.16176, 63
v0000028, 51.1875,0.95398,  0.12843, 64
v0000028, 24.1875,0.61769,  0.14314, 65
v0000028,109.6875,0.72086,  0.14314, 66
v0000028, 19.6875,0.77042,  0.11373, 67
v0000028,  55.125,0.63341,  0.16667, 68
v0000028, 39.9375,0.84209,  0.09902, 69
v0000028, 24.1875, 0.6041,  0.11569, 70
v0000028,   42.75,0.76264,  0.16569, 71
v0000028, 87.1875,0.95274,  0.11863, 72
v0000028, 28.6875,0.80546,  0.14216, 73
v0000028,   47.25,0.86041,  0.12647, 74
v0000028, 34.3125,0.71463,   0.1402, 75
v0000028, 55.6875, 0.7918,  0.16078, 76
v0000028, 27.5625,0.59504,  0.10882, 77
v0000028,  21.375,0.76636,  0.12843, 78
v0000028, 65.8125,0.86295,  0.15882, 79
v0000028,  55.125,0.98039, 0.069608, 80
v0000028, 38.8125,0.69724,  0.17843, 81
v0000028,  50.625,0.86296,  0.15392, 82
v0000028,   51.75,0.90614,  0.13333, 83
v0000028,  43.875,0.94394, 0.087255, 84
v0000028, 69.1875,0.94207,  0.10882, 85
v0000028, 59.0625,0.90286,  0.11667, 86
v0000028, 57.9375,0.99596, 0.042157, 87
v0000028,  23.625,0.65892,  0.14902, 88
v0000028,    49.5,0.87959,  0.12647, 89
v0000028, 66.9375,0.94309,  0.11863, 90
v0000028,      81,0.97658,  0.10784, 91
v0000028,    22.5,0.70657,  0.14216, 92
v0000028, 21.9375,0.68517,  0.12549, 93
v0000028, 52.3125,0.82551,  0.13431, 94
v0000028, 65.8125,0.89184,  0.11667, 95
v0000028,  39.375,0.65154,  0.16569, 96
v0000028, 51.1875,0.99229, 0.057843, 97
v0000028, 73.6875,0.76453,  0.15588, 98
v0000028,  48.375,0.93279,  0.10882, 99
v0000028, 27.5625,0.78832,  0.13039,100
v0000028, 50.0625,0.95188, 0.095098,101
v0000028, 64.6875,0.95049,  0.14706,102
v0000028, 32.0625,0.77874,  0.14706,103
v0000028,    49.5,0.78529,  0.15294,104
v0000028,    22.5,0.57196,  0.13039,105
v0000028, 66.9375,0.87392,  0.15196,106
v0000028,  21.375,0.86749, 0.087255,107
v0000028, 50.0625,0.81767,  0.13922,108
v0000028,  41.625,0.78627,  0.14804,109
v0000028, 39.9375,0.72715,  0.15686,110
v0000028, 45.5625,0.76916,   0.1451,111
v0000028,   47.25,0.60803,  0.16961,112
v0000028,   56.25,0.83851,  0.16961,113
v0000028, 33.1875,0.71944,   0.1451,114
v0000028,   29.25,0.84449,  0.10686,115
v0000028,   56.25, 0.8371,  0.14804,116
v0000028, 28.6875,0.82476,  0.13725,117
v0000028,   42.75,0.82869,   0.1451,118
v0000028, 74.8125,0.92882,  0.11765,119
v0000028,    31.5,0.84293,  0.14118,120
v0000028,  16.875,0.45908, 0.092157,121
v0000028,  37.125,0.74724,  0.13627,122
v0000028,    31.5,0.59118,  0.12255,123
v0000028, 28.6875,0.68766,  0.15784,124
v0000028,  59.625,0.87769,  0.13824,125
v0000028, 46.6875,0.97524,  0.07451,126
v0000028,      54,0.92717,  0.10686,127
v0000028, 71.4375, 0.8071,  0.16667,128
v0000028, 53.4375,0.73928,  0.16961,129
v0000028,   38.25,0.76701,  0.18137,130
v0000028,    58.5,0.84664,  0.10294,131
v0000028, 53.4375,0.66588,  0.16961,132
v0000028,      72,0.81048,  0.14314,133
v0000028, 47.8125, 0.7791,  0.14412,134
v0000028, 43.3125,0.70023,  0.15882,135
v0000028,  77.625,0.96303,  0.14706,136
v0000028, 61.3125,0.80691,  0.16667,137
v0000028, 50.0625,0.95413,  0.13039,138
v0000028, 28.6875, 0.4842,  0.11275,139
v0000028,  32.625,0.82076,  0.11765,140
v0000028,    22.5,0.91284, 0.097059,141
v0000028, 46.6875,0.67281,   0.1598,142
v0000028,      72,0.93266,  0.11471,143
v0000028, 65.8125,0.89315,  0.17941,144
v0000028,  55.125,0.76363,   0.1402,145
v0000028,  73.125,0.93584,   0.1451,146
v0000028,  70.875,0.87249,  0.15098,147
v0000028, 99.5625,0.96712,  0.11961,148
v0000028,  25.875,0.67016,  0.15294,149
v0000028,   60.75, 0.9837,  0.11275,150
v0000028,  64.125, 0.9289,  0.11863,151
v0000028,  57.375, 0.9391,  0.11275,152
v0000028,   33.75,0.74961,   0.1598,153
v0000028,  41.625,0.98113, 0.091176,154
v0000028,    67.5, 0.9368,  0.14216,155
v0000028,  84.375,0.91056,  0.12843,156
v0000028,  64.125,0.86739,  0.15098,157
v0000028,   51.75,0.99991,0.0019608,158
v0000028, 18.5625, 0.9325, 0.070588,159
v0000028, 75.9375,0.93467,  0.10098,160
v0000028,   60.75,0.95664,  0.13137,161
v0000028, 50.0625,0.80612,  0.14216,162
v0000028,  52.875,0.89691,  0.11765,163
v0000028,  73.125,0.73249,  0.13431,164
v0000028,    85.5,0.86465,  0.18627,165
v0000028,      18,0.70184,  0.13137,166
v0000028,   29.25,0.99736, 0.017647,167
v0000028, 72.5625,0.77942,  0.14804,168
v0000028,    67.5,0.94281,  0.11176,169
v0000028, 88.3125,0.76356,  0.15882,170
v0000028, 43.3125,0.91953,  0.12647,171
v0000028, 39.9375, 0.8232,  0.13824,172
v0000028, 70.3125,0.93867,  0.10196,173
v0000028,    58.5,0.70562,     0.15,174
v0000028, 90.5625,0.89107,  0.13529,175
v0000028,   51.75,0.87063,  0.13137,176
v0000028, 45.5625,0.74001,  0.15098,177
v0000028, 29.8125,0.56278,  0.15196,178
v0000028,   69.75,0.78552,  0.14902,179
v0000028,  34.875,0.64541,  0.16471,180
v0000028, 90.5625,0.84163,  0.18529,181
v0000028,  23.625,0.68273,   0.1598,182
v0000028, 63.5625,0.94076,  0.13039,183
v0000028, 44.4375,0.76823,  0.16373,184
v0000028,  21.375,0.52797, 0.088235,185
v0000028,  59.625,0.95117,  0.12549,186
v0000028, 81.5625,0.69287,  0.17745,187
v0000028, 78.1875,0.97275,  0.11765,188
v0000028,      81, 0.8549,  0.13922,189
v0000028,  43.875,0.83761,     0.15,190
v0000028,  46.125,0.72817,  0.13725,191
v0000028, 77.0625,0.92718,  0.09902,192
v0000028,   24.75, 0.6484,  0.15784,193
v0000028, 52.3125,0.92616,  0.12647,194
v0000028, 46.6875,0.90428,  0.13235,195
v0000028,  48.375,0.54989,  0.17941,196
v0000028,    31.5,0.67689,  0.16471,197
v0000031,63.5625,0.79372, 0.18333,  1
v0000031,60.1875,0.84141, 0.13627,  2
v0000031,  60.75,0.72843, 0.15294,  3
v0000031, 34.875, 0.5821, 0.18039,  4
v0000031, 32.625,0.63935, 0.16667,  5
v0000031,68.0625,0.67263, 0.18333,  6
v0000031,23.0625,0.51516, 0.12647,  7
v0000031,64.6875,0.86752, 0.18922,  8
v0000031, 19.125, 0.5203, 0.15588,  9
v0000031,21.9375,0.64595, 0.15098, 10
v0000031,46.6875,0.71254, 0.16863, 11
v0000031, 41.625,0.45988, 0.17059, 12
v0000031,  74.25, 0.8762, 0.14804, 13
v0000031,87.1875, 0.8317, 0.17745, 14
v0000031,70.3125,0.66447, 0.18137, 15
v0000031, 37.125,0.49727, 0.13333, 16
v0000031,21.9375,0.33283, 0.12255, 17
v0000031, 88.875,0.84592, 0.16471, 18
v0000031,     72,0.55481, 0.19608, 19
v0000031,43.3125,0.49967, 0.14216, 20
v0000031,  92.25,0.88386, 0.15686, 21
v0000031,33.1875, 0.5235, 0.17451, 22
v0000031,   22.5,0.48431,0.080392, 23
v0000031,74.8125, 0.9142,  0.1402, 24
v0000031,86.0625,0.91293, 0.12843, 25
v0000031,   22.5,0.37559,0.091176, 26
v0000031,  78.75,0.62874, 0.18725, 27
v0000031, 46.125,0.47202,  0.1451, 28
v0000031,70.3125,0.81562, 0.16961, 29
v0000031, 32.625,0.56072, 0.17745, 30
v0000031,  83.25,0.82578, 0.14118, 31
v0000031,54.5625,0.77716, 0.17353, 32
v0000031,60.1875,0.63848, 0.17843, 33
v0000031,  65.25,0.79577, 0.15196, 34
v0000031, 37.125,0.55015, 0.16863, 35
v0000031, 79.875, 0.7768, 0.16961, 36
v0000031,93.9375,0.75646, 0.15784, 37
v0000031,     81,0.52097, 0.18333, 38
v0000031,65.8125,0.63895, 0.17941, 39
v0000031,53.4375,0.64211, 0.18039, 40
v0000031, 61.875, 0.8108, 0.18725, 41
v0000031,  47.25,0.60906, 0.16176, 42
v0000031,29.8125, 0.6495, 0.16471, 43
v0000031,     36,0.43977, 0.12745, 44
v0000031, 110.25,0.86643, 0.12843, 45
v0000031, 82.125,0.96213, 0.10098, 46
v0000031,  96.75,0.75698, 0.18529, 47
v0000031, 43.875,0.51649, 0.13431, 48
v0000031,   22.5,0.46373, 0.11373, 49
v0000031,59.0625,0.66409, 0.16765, 50
v0000031, 97.875,0.93329, 0.17157, 51
v0000031,86.0625,0.78531, 0.15098, 52
v0000031,28.6875,0.53687, 0.10784, 53
v0000031,  51.75, 0.5769, 0.16176, 54
v0000031,86.0625,0.96894,0.095098, 55
v0000031,72.5625,0.73768, 0.18824, 56
v0000031,57.9375,0.80685, 0.14804, 57
v0000031,  56.25,  0.652, 0.18137, 58
v0000031,     90, 0.8537, 0.17353, 59
v0000031, 64.125,0.76089, 0.16863, 60
v0000031,33.1875,0.72895, 0.16373, 61
v0000031,   49.5,0.52638, 0.15196, 62
v0000031,64.6875, 0.7054, 0.17059, 63
v0000031,  69.75, 0.4858,  0.1549, 64
v0000031, 82.125,0.67233, 0.18922, 65
v0000031,47.8125,0.58159, 0.18529, 66
v0000031,63.5625,0.76068, 0.15196, 67
v0000031,43.3125,0.52508, 0.17157, 68
v0000031,79.3125,0.86352, 0.15882, 69
v0000031, 88.875,0.86927,  0.1598, 70
v0000031,47.8125,0.56148, 0.18039, 71
v0000031,  92.25,0.90237, 0.13333, 72
v0000031,84.9375, 0.8381, 0.17941, 73
v0000031,42.1875,0.52272, 0.14804, 74
v0000031,65.8125, 0.6672, 0.15196, 75
v0000031,  83.25,0.81174, 0.16569, 76
v0000031,83.8125,0.80619, 0.17451, 77
v0000031, 19.125,0.55052, 0.13333, 78
v0000031,77.0625,0.81331, 0.16863, 79
v0000031,27.5625,0.52541, 0.13333, 80
v0000031,23.0625, 0.3077,0.076471, 81
v0000031,41.0625,0.35869, 0.10784, 82
v0000031, 25.875,0.60017, 0.14902, 83
v0000031,25.3125,0.34519,0.092157, 84
v0000031, 39.375,0.40073,  0.1049, 85
v0000031,  65.25,0.75896, 0.15588, 86
v0000031,  78.75, 0.7791,  0.1902, 87
v0000031, 37.125,0.49632, 0.12255, 88
v0000031,42.1875,0.53229, 0.16176, 89
v0000031,   85.5,0.76244, 0.16863, 90
v0000031,60.1875,0.87367, 0.17353, 91
v0000031,20.8125,0.55178,  0.1598, 92
v0000031, 55.125,0.56903, 0.14608, 93
v0000031,26.4375,0.54343,  0.1451, 94
v0000031,37.6875,0.64975, 0.17451, 95
v0000031,68.0625,0.88861, 0.16373, 96
v0000031,45.5625,0.47896, 0.17353, 97
v0000031,48.9375,0.47492, 0.12353, 98
v0000031,25.3125,0.32767, 0.10196, 99
v0000031,34.3125,0.70376,  0.1598,100
v0000031,47.8125,0.74131, 0.17843,101
v0000031,72.5625,0.83982, 0.16373,102
v0000031,  74.25,0.74492, 0.18235,103
v0000031,65.8125,0.74486, 0.14608,104
v0000031, 39.375,0.53669, 0.17255,105
v0000031,  24.75,0.50187, 0.14804,106
v0000031,30.9375,0.41504,  0.1098,107
v0000031, 66.375,0.75916, 0.17353,108
v0000031, 77.625, 0.8655,    0.15,109
v0000031,     45,0.49627, 0.19608,110
v0000031,59.0625,0.55996,  0.1549,111
v0000031, 52.875,0.61673, 0.16569,112
v0000031,73.6875, 0.8209, 0.15098,113
v0000031,33.1875,0.58139,  0.1402,114
v0000031,   40.5,0.61879, 0.18529,115
v0000031, 64.125,0.84847, 0.18039,116
v0000031, 61.875,0.48806,  0.1402,117
v0000031, 16.875,0.47673, 0.09902,118
v0000031,37.6875, 0.5544, 0.13529,119
v0000031, 28.125,0.56698, 0.17157,120
v0000031,54.5625,0.63675, 0.19216,121
v0000031,28.6875, 0.5554, 0.14706,122
v0000031, 82.125,0.80492, 0.16078,123
v0000031,44.4375,0.64428, 0.17549,124
v0000031,63.5625,0.73118, 0.16176,125
v0000031,     63,0.68466, 0.17353,126
v0000031,48.9375,0.52468, 0.17549,127
v0000031,70.3125,0.84166, 0.15392,128
v0000031, 59.625,0.84447, 0.17941,129
v0000031,54.5625,0.71207, 0.16569,130
v0000031,74.8125,0.80183, 0.18333,131
v0000031,42.1875,0.60444,  0.1598,132
v0000031, 39.375,0.51356, 0.14118,133
v0000031,  29.25,0.44955, 0.13529,134
v0000031,75.9375,0.78367, 0.17157,135
v0000031,   49.5,0.60147, 0.19706,136
v0000031, 61.875,0.66538, 0.16471,137
v0000031, 43.875,0.51483, 0.16569,138
v0000031, 39.375,0.43989, 0.17549,139
v0000031,   31.5,0.47311, 0.18333,140
v0000031,39.9375, 0.5847, 0.18137,141
v0000031, 46.125, 0.5176, 0.18039,142
v0000031,37.6875,0.39075,0.091176,143
v0000031,45.5625,0.62058, 0.17647,144
v0000031,27.5625,0.55686,  0.1598,145
v0000031,51.1875,0.69657, 0.17745,146
v0000031,32.0625,0.51882, 0.18824,147
v0000031,53.4375,0.52446, 0.17843,148
v0000031, 59.625,0.71354, 0.17843,149
v0000031,61.3125,0.60241, 0.18824,150
v0000031,57.9375,0.54864, 0.20686,151
v0000031, 66.375,0.81602, 0.15882,152
v0000031,  87.75,0.90533, 0.16863,153
v0000031,25.3125,0.43747, 0.16569,154
v0000031,23.0625,0.51334, 0.14118,155
v0000031,43.3125,0.56094, 0.16471,156
v0000031,38.8125,0.61722, 0.17941,157
v0000031,17.4375,0.50183, 0.09902,158
v0000031,39.9375,0.53184, 0.19902,159
v0000031,55.6875,0.60495, 0.18922,160
v0000031, 32.625, 0.4789, 0.10784,161
v0000031,     54,0.57292, 0.18725,162
v0000031, 21.375,0.55335, 0.16569,163
v0000031,62.4375,0.55722, 0.18137,164
v0000031, 82.125,0.88251, 0.14902,165
v0000031,54.5625,0.63736, 0.17549,166
v0000031, 91.125,0.90627, 0.17451,167
v0000031,   40.5,0.58911, 0.17941,168
v0000031,35.4375,0.48298, 0.12255,169
v0000031,   67.5,0.67621, 0.17745,170
v0000031,32.0625,0.60709, 0.12353,171
v0000031,   22.5,0.66608,    0.15,172
v0000031,64.6875,0.72283, 0.18529,173
v0000031,59.0625,0.66084, 0.20098,174
v0000031,  60.75,0.63061, 0.18235,175
v0000031, 70.875,0.70523, 0.22059,176
v0000031,59.0625,0.58443, 0.21373,177
v0000031,     63,0.70007, 0.18235,178
v0000031, 34.875,0.47552, 0.14608,179
v0000031, 82.125,0.69664, 0.20098,180
v0000031,89.4375,0.69964, 0.18529,181
v0000031, 50.625,0.45063, 0.14216,182
v0000031,82.6875,0.69334,  0.2049,183
v0000031,     63,0.42311, 0.21078,184
v0000032, 27.5625,0.45338, 0.13333,  1
v0000032, 71.4375,0.83838, 0.18039,  2
v0000032,  52.875,0.45536,    0.15,  3
v0000032,  46.125, 0.4867,     0.2,  4
v0000032,      81,0.41702, 0.13529,  5
v0000032, 77.0625,0.68135, 0.18431,  6
v0000032, 51.1875,0.53488, 0.18824,  7
v0000032, 92.8125,0.87425,  0.1549,  8
v0000032, 65.8125,0.51651, 0.19902,  9
v0000032, 47.8125,0.49767, 0.19216, 10
v0000032, 68.0625, 0.8282, 0.16078, 11
v0000032,   29.25,0.38115, 0.13529, 12
v0000032, 64.6875, 0.6947, 0.19118, 13
v0000032,  46.125,0.63725, 0.17059, 14
v0000032, 70.3125,0.56436,  0.1902, 15
v0000032,    67.5,0.52056,     0.2, 16
v0000032,  39.375,0.73613, 0.14412, 17
v0000032, 36.5625,0.40633, 0.12549, 18
v0000032, 73.6875,0.68002, 0.19706, 19
v0000032,  61.875,0.72734, 0.17745, 20
v0000032,   47.25,0.53637,  0.1598, 21
v0000032, 75.9375,0.90745, 0.16078, 22
v0000032,   56.25,0.48082, 0.19608, 23
v0000032,    40.5,0.41035, 0.17157, 24
v0000032, 70.3125,0.67203, 0.19608, 25
v0000032,  61.875,0.55426, 0.19412, 26
v0000032,   47.25,0.46685, 0.17745, 27
v0000032,  73.125,0.29903, 0.17157, 28
v0000032,    85.5,0.64432, 0.17941, 29
v0000032,   38.25,0.36563, 0.11176, 30
v0000032,      27,0.31708,0.092157, 31
v0000032,     117,0.59945, 0.18824, 32
v0000032,    31.5,0.57549, 0.17255, 33
v0000032, 68.0625,0.59339,  0.1902, 34
v0000032, 38.8125,0.29895,0.085294, 35
v0000032, 19.6875,0.37669,  0.2049, 36
v0000032, 52.3125,0.45115, 0.22353, 37
v0000032, 72.5625,0.59812, 0.18922, 38
v0000032, 25.3125,0.44261, 0.16863, 39
v0000032,    49.5,0.49568, 0.19412, 40
v0000032,  75.375,0.61949, 0.17157, 41
v0000032, 51.1875,0.60151, 0.18333, 42
v0000032,  82.125, 0.6231,  0.1902, 43
v0000032, 33.1875,0.34703, 0.09902, 44
v0000032, 66.9375,0.62432, 0.17549, 45
v0000032,  32.625,0.42292, 0.11373, 46
v0000032,    67.5,0.64167, 0.18922, 47
v0000032,  66.375,0.51662, 0.20294, 48
v0000032,    49.5,0.54193, 0.19118, 49
v0000032,  30.375,0.45229,     0.1, 50
v0000032, 46.6875,0.65953, 0.18137, 51
v0000032, 19.6875,0.32101,0.082353, 52
v0000032, 44.4375,0.50345, 0.19804, 53
v0000032, 44.4375,0.69481, 0.21765, 54
v0000032,  28.125,0.36753, 0.10686, 55
v0000032, 17.4375,0.36913, 0.12059, 56
v0000032, 66.9375,0.57825, 0.18333, 57
v0000032,  28.125, 0.3771, 0.10098, 58
v0000032, 44.4375,0.64492, 0.16569, 59
v0000032, 63.5625,0.60632, 0.19412, 60
v0000032, 43.3125,0.50298,  0.1402, 61
v0000032,    40.5,0.47162, 0.19706, 62
v0000032, 53.4375,0.50836, 0.17255, 63
v0000032,  32.625,0.38107,0.090196, 64
v0000032,      54,0.70964, 0.17745, 65
v0000032,  55.125,0.65858, 0.17549, 66
v0000032, 18.5625,0.50149, 0.11373, 67
v0000032, 48.9375,0.41059, 0.19216, 68
v0000032, 26.4375,0.50905, 0.17941, 69
v0000032, 42.1875,0.59833, 0.17451, 70
v0000032, 30.9375,0.32257, 0.13039, 71
v0000032,   83.25,0.72297, 0.15588, 72
v0000032,  23.625,0.43091, 0.17059, 73
v0000032, 47.8125,0.53652, 0.18922, 74
v0000032, 24.1875,0.43721, 0.14216, 75
v0000032,  25.875,0.38841,     0.1, 76
v0000032,  55.125,0.54334, 0.18333, 77
v0000032, 33.1875,0.33141, 0.10196, 78
v0000032,      36,0.49228, 0.19608, 79
v0000032, 39.9375,0.55449, 0.16176, 80
v0000032,  41.625,0.47557, 0.20686, 81
v0000032,   47.25,0.48618, 0.20294, 82
v0000032,   38.25, 0.5925, 0.19804, 83
v0000032, 56.8125,0.58742, 0.19804, 84
v0000032, 18.5625,0.44124, 0.17647, 85
v0000032, 45.5625,0.49712, 0.17941, 86
v0000032,   51.75,0.36594, 0.14804, 87
v0000032,120.9375, 0.6812, 0.16373, 88
v0000032, 29.8125,0.38639,0.090196, 89
v0000032,   29.25, 0.3917, 0.13235, 90
v0000032,  77.625, 0.5813, 0.18137, 91
v0000032,  75.375, 0.7815, 0.16961, 92
v0000032,    40.5, 0.4579, 0.19608, 93
v0000032,   42.75,0.56992, 0.18725, 94
v0000032,   65.25,0.52684, 0.19804, 95
v0000032, 32.0625, 0.3625, 0.10294, 96
v0000032,  30.375,0.45178, 0.17059, 97
v0000032, 26.4375,0.48436, 0.10588, 98
v0000032, 20.8125,0.39565, 0.14608, 99
v0000032,   51.75,0.58521, 0.19118,100
v0000032, 43.3125,0.59949, 0.16961,101
v0000032,  55.125,0.57575, 0.17353,102
v0000032, 61.3125,0.67991, 0.18039,103
v0000032, 73.6875,0.79189, 0.19216,104
v0000032,    76.5,0.60963, 0.19804,105
v0000032,      63,0.74149, 0.13922,106
v0000032, 51.1875,0.37522, 0.10588,107
v0000032, 56.8125, 0.6059, 0.19314,108
v0000032,  57.375,0.50996, 0.19706,109
v0000032, 32.0625,0.38252, 0.11765,110
v0000032,   65.25,0.61565,  0.1902,111
v0000032, 39.9375,0.44446, 0.16569,112
v0000032, 56.8125,0.49614, 0.20392,113
v0000032,    67.5, 0.4667, 0.16471,114
v0000032,    67.5,0.46373, 0.18922,115
v0000032, 27.5625,0.43337, 0.18627,116
v0000032, 33.1875,0.39256, 0.10882,117
v0000032, 29.8125,0.39475, 0.12745,118
v0000032,  28.125, 0.4302, 0.12059,119
v0000032,   69.75,0.64627, 0.19804,120
v0000032, 42.1875,0.32261, 0.19314,121
v0000032, 63.5625,0.58553, 0.17549,122
v0000032, 51.1875, 0.4465, 0.20784,123
v0000032, 60.1875,0.50398, 0.21078,124
v0000032, 42.1875,0.42342, 0.20882,125
v0000032,  57.375,0.47043, 0.15392,126
v0000032,      45,0.51176, 0.13725,127
v0000032,   42.75, 0.5839, 0.19804,128
v0000032,  34.875,0.39836, 0.15392,129
v0000032,   38.25,0.53281, 0.17745,130
v0000032, 54.5625,0.48672, 0.14608,131
v0000032, 18.5625,0.33868, 0.20784,132
v0000032,  37.125,0.46506, 0.18725,133
v0000032, 19.6875,0.40336,0.090196,134
v0000032,   47.25,0.56998, 0.18922,135
v0000032,  57.375,0.58766, 0.19608,136
v0000032, 23.0625,0.49689, 0.12353,137
v0000032, 50.0625,0.47949, 0.20784,138
v0000032, 37.6875,0.35189, 0.10686,139
v0000032, 122.625,0.75623, 0.16078,140
v0000032,   60.75,0.59521, 0.19314,141
v0000032, 65.8125,0.49425, 0.20294,142
v0000032, 18.5625,0.47522, 0.16471,143
v0000032,  30.375,0.41075, 0.19412,144
v0000032,   51.75,0.45946, 0.17255,145
v0000032, 21.9375,0.39899,0.097059,146
v0000032,  46.125,0.55155, 0.17941,147
v0000032,  21.375,0.43622, 0.19706,148
v0000032,   56.25,0.36188, 0.13529,149
v0000032,  61.875, 0.5846, 0.18529,150
v0000032, 52.3125,0.47915, 0.17549,151
v0000032, 29.8125,0.64906, 0.15588,152
v0000032, 46.6875,0.60383, 0.20196,153
v0000032, 72.5625,0.37908, 0.13725,154
v0000032, 52.3125, 0.6409, 0.16176,155
v0000032, 69.1875,0.73107, 0.16373,156
v0000032, 50.0625,0.53893, 0.15294,157
v0000032, 44.4375, 0.4822, 0.15784,158
v0000032, 28.6875,0.51173, 0.16961,159
v0000032, 45.5625,0.52651, 0.18235,160
v0000032, 26.4375,0.57063, 0.17059,161
v0000032, 57.9375,0.49732,  0.2098,162
v0000032,   69.75,0.75395,  0.1598,163
v0000032, 48.9375,0.42231, 0.11176,164
v0000032, 26.4375,0.49011, 0.14118,165
v0000033, 43.875,0.35365,  0.2098,  1
v0000033, 37.125,0.39917, 0.16667,  2
v0000033,17.4375,0.26464,0.056863,  3
v0000033,     27,0.32206, 0.10882,  4
v0000033, 50.625,0.60004,  0.1902,  5
v0000033, 68.625,0.67187, 0.18529,  6
v0000033,  65.25,0.66038, 0.18824,  7
v0000033,   85.5,0.62786, 0.19706,  8
v0000033,29.8125,0.51498, 0.20098,  9
v0000033,  38.25,0.41038, 0.11373, 10
v0000033,  42.75,0.41022, 0.15392, 11
v0000033, 39.375,0.43048, 0.16961, 12
v0000033,     90,0.72091, 0.20098, 13
v0000033,  65.25,0.62028,     0.2, 14
v0000033, 23.625,0.39337, 0.10882, 15
v0000033,   76.5,0.76716, 0.18529, 16
v0000033,     45, 0.4123, 0.15882, 17
v0000033,19.6875,0.39888, 0.10098, 18
v0000033,26.4375, 0.4428,0.094118, 19
v0000033,42.1875,0.48586,  0.1951, 20
v0000033,65.8125,0.45457, 0.20882, 21
v0000033, 77.625,0.57153, 0.20784, 22
v0000033,19.6875,0.44773, 0.12353, 23
v0000033, 21.375, 0.3548,0.078431, 24
v0000033, 75.375,0.77548, 0.18235, 25
v0000033,   31.5,0.35371,0.097059, 26
v0000033,60.1875,0.45061, 0.15392, 27
v0000033, 25.875,0.24595,0.056863, 28
v0000033, 28.125,0.39812, 0.11471, 29
v0000033, 50.625,0.48536, 0.18235, 30
v0000033,56.8125,0.53609, 0.19608, 31
v0000033, 39.375,0.44885, 0.17843, 32
v0000033,53.4375, 0.3827, 0.18431, 33
v0000033,   40.5,0.44815, 0.20098, 34
v0000033,65.8125,0.55039, 0.20784, 35
v0000033,  29.25,0.36018, 0.10588, 36
v0000033, 28.125,0.41224, 0.10686, 37
v0000033,   49.5,0.45446, 0.20686, 38
v0000033, 61.875, 0.4949, 0.19216, 39
v0000033,34.3125,0.55763, 0.18431, 40
v0000033, 30.375,0.42288, 0.16275, 41
v0000033,     54,0.47721, 0.17941, 42
v0000033,92.8125,0.88663, 0.16275, 43
v0000033, 46.125,0.39598, 0.12549, 44
v0000033,50.0625,0.33179, 0.11863, 45
v0000033, 77.625,0.44868, 0.20686, 46
v0000033, 50.625,0.51124, 0.20882, 47
v0000033, 48.375,0.57533,  0.1902, 48
v0000033,21.9375,0.34419, 0.10588, 49
v0000033,17.4375,0.53156, 0.13824, 50
v0000033, 73.125,0.60646, 0.19902, 51
v0000033,81.5625,0.56703, 0.16176, 52
v0000033,38.8125,0.55271, 0.18922, 53
v0000033,41.0625,0.34494, 0.10392, 54
v0000033,65.8125,0.66807, 0.17549, 55
v0000033,77.0625, 0.6928, 0.20294, 56
v0000033, 77.625,0.56638, 0.20392, 57
v0000033, 39.375, 0.3958, 0.15882, 58
v0000033,  65.25,0.64912, 0.19216, 59
v0000033,74.8125,0.71735, 0.16569, 60
v0000033, 86.625,0.51059, 0.17647, 61
v0000033,  56.25,0.53231, 0.19314, 62
v0000033,75.9375, 0.5973, 0.17647, 63
v0000033,     63,0.40798,     0.2, 64
v0000033,  29.25,0.43612, 0.10686, 65
v0000033,37.6875,0.40773, 0.15196, 66
v0000033, 28.125,  0.432,0.096078, 67
v0000033,83.8125,0.96876, 0.11765, 68
v0000033,30.9375,0.57027, 0.14314, 69
v0000033, 52.875,0.56024, 0.20588, 70
v0000033,19.6875,0.32896,  0.1049, 71
v0000033,   67.5,0.56941, 0.17647, 72
v0000033, 23.625,0.39739, 0.10392, 73
v0000033,  24.75, 0.3508, 0.11176, 74
v0000033,25.3125,0.41081, 0.10294, 75
v0000033,97.3125,0.89518, 0.16471, 76
v0000033,32.0625,0.43151, 0.12255, 77
v0000033, 73.125,0.64187,  0.2098, 78
v0000033,46.6875,0.29794, 0.11667, 79
v0000033,43.3125,0.50053, 0.15686, 80
v0000033,45.5625,0.42871, 0.16569, 81
v0000033,  92.25,0.83092, 0.17353, 82
v0000033, 64.125,0.54826, 0.19608, 83
v0000033,29.8125, 0.4273,0.081373, 84
v0000033,42.1875, 0.3234, 0.11176, 85
v0000033,     63,0.49839, 0.20784, 86
v0000033,24.1875,0.32668,0.088235, 87
v0000033,47.8125,0.44226,    0.15, 88
v0000033,53.4375,0.40227, 0.16373, 89
v0000033,84.9375, 0.6963, 0.21373, 90
v0000033, 57.375,0.53472, 0.20196, 91
v0000033,18.5625,0.33345,0.093137, 92
v0000033, 37.125,0.38057, 0.11961, 93
v0000033,36.5625,0.38299, 0.12647, 94
v0000033,30.9375,0.57226,  0.1951, 95
v0000033,27.5625,0.54398,  0.1951, 96
v0000033,55.6875,0.42951, 0.16275, 97
v0000033,37.6875,0.44519, 0.15686, 98
v0000033, 64.125, 0.4238, 0.13529, 99
v0000033,  29.25,0.43024,0.097059,100
v0000033,45.5625,0.37328, 0.14608,101
v0000033, 46.125,0.43037, 0.17745,102
v0000033,  56.25,0.46961, 0.21078,103
v0000033,38.8125,0.53487, 0.18431,104
v0000033,30.9375,0.41932, 0.18333,105
v0000033,   22.5,0.52853, 0.14412,106
v0000033,36.5625,0.36229, 0.15196,107
v0000033, 55.125,0.48343, 0.18824,108
v0000033,37.6875,0.42365, 0.20686,109
v0000033,75.9375, 0.5182, 0.20588,110
v0000033,  29.25,0.40023, 0.16961,111
v0000033, 34.875, 0.3346,0.071569,112
v0000033,48.9375,0.40802, 0.15686,113
v0000033,28.6875,0.47413, 0.13235,114
v0000033, 19.125,0.50346, 0.11275,115
v0000033,34.3125, 0.4054, 0.14706,116
v0000033,32.0625,0.40213, 0.12353,117
v0000033,27.5625,0.50124, 0.19804,118
v0000033, 34.875,0.37982, 0.16569,119
v0000033,30.9375,0.44406, 0.10196,120
v0000033,75.9375,0.58893, 0.21667,121
v0000033,43.3125,0.42918, 0.18824,122
v0000033, 46.125,0.38498, 0.12941,123
v0000033, 39.375,0.31714,0.093137,124
v0000033,64.6875,0.63594, 0.18235,125
v0000033,   76.5,0.75043, 0.16471,126
v0000033, 86.625, 0.5861, 0.20392,127
v0000033,65.8125,0.54171, 0.20294,128
v0000033,23.0625, 0.4219, 0.12745,129
v0000033,   85.5,0.38927, 0.13824,130
v0000033,   40.5, 0.5213, 0.18627,131
v0000033,68.0625,0.52837, 0.19608,132
v0000033,  47.25,0.57586, 0.16765,133
v0000033,32.0625,0.30678, 0.10392,134
v0000033,42.1875,0.52256, 0.20196,135
v0000033,     63,0.50459, 0.21176,136
v0000033,45.5625,0.48148, 0.19706,137
v0000033,  33.75,0.42941, 0.13333,138
v0000033,  20.25,0.32473, 0.13627,139
v0000033,33.1875,0.49232, 0.19412,140
v0000033,   40.5,0.53203, 0.14804,141
v0000033,  42.75,0.46146, 0.18725,142
v0000033,16.3125,0.24773,0.076471,143
v0000033,   31.5,0.31148,0.095098,144
v0000046, 57.375,0.34118,  0.1098,  1
v0000046, 50.625,0.36436,  0.1549,  2
v0000046, 73.125, 0.6803, 0.19804,  3
v0000046,44.4375,0.38397, 0.10882,  4
v0000046, 46.125,0.34228, 0.13431,  5
v0000046, 30.375,0.39259, 0.07451,  6
v0000046, 34.875,0.42226,0.083333,  7
v0000046,     36,0.47623, 0.10294,  8
v0000046,71.4375,0.66021, 0.19608,  9
v0000046, 55.125,0.46863,     0.2, 10
v0000046,  47.25,0.48347, 0.20196, 11
v0000046, 52.875, 0.4368,  0.1951, 12
v0000046,     18,0.38946,0.068627, 13
v0000046,     45,0.46485,     0.2, 14
v0000046,   58.5,0.57824, 0.19902, 15
v0000046, 21.375,0.43891, 0.19804, 16
v0000046, 55.125,0.51833, 0.18137, 17
v0000046, 59.625,0.52923, 0.19608, 18
v0000046,  51.75,0.50712, 0.14412, 19
v0000046,56.8125,0.72712, 0.17647, 20
v0000046,36.5625,0.39572,0.098039, 21
v0000046,     45,0.48529, 0.18431, 22
v0000046,17.4375,0.50867, 0.13725, 23
v0000046,24.1875,0.49694, 0.16275, 24
v0000046,     63,0.46961, 0.19412, 25
v0000046,21.9375,0.57798, 0.18333, 26
v0000046,  65.25,0.59425, 0.19608, 27
v0000046,20.8125,0.35347, 0.10392, 28
v0000046, 34.875, 0.5859, 0.12353, 29
v0000046,50.0625,0.53756, 0.14608, 30
v0000046, 43.875,0.48286, 0.17745, 31
v0000046, 84.375,0.80374, 0.17451, 32
v0000046,26.4375,  0.531, 0.13039, 33
v0000046, 70.875,0.68111, 0.16961, 34
v0000046,  74.25,0.54602, 0.19118, 35
v0000046, 32.625,0.37492,0.090196, 36
v0000046,39.9375,0.28462, 0.11275, 37
v0000046,50.0625,0.63789, 0.17549, 38
v0000046,56.8125,0.51912, 0.19216, 39
v0000046, 32.625,0.59743, 0.18137, 40
v0000046, 30.375,0.58272, 0.16471, 41
v0000046,60.1875,0.45699, 0.21176, 42
v0000046,     54,0.60376, 0.19412, 43
v0000046, 66.375,0.64433, 0.17745, 44
v0000046,63.5625,0.70543, 0.17059, 45
v0000046,47.8125,0.60521, 0.20686, 46
v0000046,61.3125,0.59658,  0.1951, 47
v0000046,   58.5,0.66957, 0.19314, 48
v0000046, 55.125, 0.4914, 0.20588, 49
v0000046,     63,0.61264, 0.18627, 50
v0000046,47.8125,0.47045,  0.1451, 51
v0000046,     63,0.47836,     0.2, 52
v0000046,78.1875,0.64283, 0.18431, 53
v0000046,51.1875,0.58078, 0.18725, 54
v0000046, 16.875, 0.3349,0.084314, 55
v0000046,109.125,0.72143,  0.1598, 56
v0000046,57.9375,0.52614, 0.18725, 57
v0000046,44.4375,0.50459,     0.2, 58
v0000046, 64.125,0.49051, 0.20294, 59
v0000046, 28.125,0.40518, 0.11961, 60
v0000046,82.6875,0.73235, 0.18627, 61
v0000046,     27,0.42925, 0.19314, 62
v0000046,66.9375,0.55294, 0.19314, 63
v0000046,57.9375, 0.6667, 0.19314, 64
v0000046,  11.25,0.46529,0.096078, 65
v0000046,87.1875,0.55249, 0.18431, 66
v0000046, 43.875,0.84902, 0.13529, 67
v0000046, 50.625, 0.5285, 0.19118, 68
v0000046,59.0625,0.47399, 0.17059, 69
v0000046,25.3125,0.35739, 0.07451, 70
v0000046,54.5625,0.46808, 0.16471, 71
v0000046,55.6875,0.68699, 0.18235, 72
v0000046,52.3125,0.37972, 0.15882, 73
v0000046,45.5625, 0.3909, 0.18529, 74
v0000046, 59.625,0.64539, 0.18431, 75
v0000046,32.0625,0.65311, 0.17059, 76
v0000046, 39.375, 0.3912, 0.11765, 77
v0000046,   58.5,0.64789,  0.1902, 78
v0000046,57.9375,0.45597,  0.2049, 79
v0000046,79.3125,0.70268, 0.20588, 80
v0000046,33.1875,0.46547, 0.19216, 81
v0000046,52.3125,0.41969, 0.16961, 82
v0000046,44.4375,0.37359, 0.11863, 83
v0000046,25.3125,0.49874, 0.15392, 84
v0000046,63.5625,  0.486, 0.19216, 85
v0000046, 19.125,0.38443, 0.13627, 86
v0000046,   58.5,0.59732, 0.17843, 87
v0000046,44.4375,0.53199, 0.18725, 88
v0000046,   76.5,0.72751, 0.19118, 89
v0000046,77.0625,0.46555, 0.19706, 90
v0000046,35.4375,0.33327, 0.11569, 91
v0000046,  47.25,0.72479, 0.18039, 92
v0000046, 73.125,0.37587, 0.13725, 93
v0000046,  51.75,0.64105, 0.20196, 94
v0000046, 86.625,0.90929, 0.15294, 95
v0000046,  33.75,0.69059, 0.15686, 96
v0000046, 50.625,0.28693, 0.12353, 97
v0000046,65.8125, 0.6367, 0.20392, 98
v0000046, 37.125,0.49085, 0.13137, 99
v0000046,  38.25,0.57042, 0.18039,100
v0000046,   67.5,0.50948,  0.1951,101
v0000046, 23.625,0.43884, 0.13627,102
v0000046,  92.25,0.61167, 0.19412,103
v0000046,87.1875,0.42639,  0.2049,104
v0000046,     72,0.64167, 0.19902,105
v0000046,18.5625,0.37635,     0.1,106
v0000046,59.0625,0.66514, 0.18039,107
v0000046,33.1875,0.45716, 0.19902,108
v0000046,23.0625,0.40182,0.084314,109
v0000046,   31.5,0.49307,  0.1951,110
v0000046, 28.125,0.49718, 0.18529,111
v0000046, 21.375,0.46275, 0.12549,112
v0000046,74.8125,0.42654, 0.13333,113
v0000046,   40.5,0.79107,  0.1549,114
v0000046,  20.25,0.40327, 0.14314,115
v0000046,68.0625, 0.5286, 0.18824,116
v0000046, 21.375,0.58039, 0.16471,117
v0000046,41.0625,0.33828, 0.13137,118
v0000046,     54,0.45694, 0.19902,119
v0000046,56.8125,0.59918, 0.18235,120
v0000046,     81,0.47203, 0.20294,121
v0000047, 29.8125,0.48124,  0.1951,  1
v0000047,    49.5,0.67184,  0.1598,  2
v0000047, 61.3125,0.68951, 0.18333,  3
v0000047, 32.0625,0.46646, 0.18039,  4
v0000047,  61.875,0.68463, 0.18922,  5
v0000047, 46.6875, 0.5511, 0.19216,  6
v0000047, 83.8125,0.44519, 0.19608,  7
v0000047, 25.3125,0.39834,  0.1951,  8
v0000047, 93.9375,0.84715, 0.16863,  9
v0000047, 55.6875,0.76673, 0.15882, 10
v0000047, 54.5625,0.49513, 0.13922, 11
v0000047,  86.625,0.84528, 0.13824, 12
v0000047,      27,0.46021, 0.13235, 13
v0000047, 66.9375,0.63786, 0.18725, 14
v0000047, 64.6875,0.61105, 0.17549, 15
v0000047,  34.875,0.38381,0.067647, 16
v0000047, 25.3125,0.45664, 0.12451, 17
v0000047,  66.375,  0.657, 0.17157, 18
v0000047,      45,0.59064, 0.17255, 19
v0000047,  30.375,0.33021,0.084314, 20
v0000047,  61.875,0.72706, 0.18235, 21
v0000047,    49.5, 0.5529, 0.17157, 22
v0000047,  46.125,0.56801, 0.18235, 23
v0000047, 33.1875,0.53307, 0.18529, 24
v0000047, 52.3125,0.61505, 0.19608, 25
v0000047, 52.3125,0.55071, 0.17255, 26
v0000047, 23.0625,0.52272,  0.1098, 27
v0000047,      63,0.63925, 0.16471, 28
v0000047,      45,0.67569,    0.15, 29
v0000047, 66.9375,0.49339, 0.13725, 30
v0000047,   20.25,0.44161, 0.11961, 31
v0000047,  68.625,0.71482, 0.19902, 32
v0000047, 20.8125,0.48755,  0.1598, 33
v0000047, 84.9375,0.80332, 0.14314, 34
v0000047, 62.4375,0.80371,  0.1451, 35
v0000047, 19.6875,0.58431,  0.1598, 36
v0000047, 27.5625,0.63361, 0.15784, 37
v0000047, 87.1875,0.76245, 0.17157, 38
v0000047, 19.6875,0.41132, 0.13333, 39
v0000047,  55.125,0.65938, 0.18137, 40
v0000047, 47.8125,0.50136, 0.15588, 41
v0000047,  48.375,0.57829, 0.18627, 42
v0000047,   51.75,0.60401, 0.17255, 43
v0000047, 88.3125, 0.8609, 0.16471, 44
v0000047,      72,0.60843, 0.17941, 45
v0000047,  79.875, 0.8269, 0.17059, 46
v0000047,   47.25,0.84356, 0.16078, 47
v0000047,    49.5,0.43057, 0.14118, 48
v0000047,  23.625,0.57059, 0.13922, 49
v0000047, 18.5625,0.35294,0.066667, 50
v0000047,  59.625,0.52338, 0.14902, 51
v0000047, 61.3125,0.68743, 0.14804, 52
v0000047, 57.9375,0.61489, 0.17549, 53
v0000047,  23.625, 0.5521, 0.14902, 54
v0000047, 84.9375,0.85737,  0.1598, 55
v0000047, 26.4375,0.42528,0.097059, 56
v0000047, 36.5625,0.51143,  0.1402, 57
v0000047,117.5625,0.90652, 0.13824, 58
v0000047, 72.5625,0.69305, 0.16961, 59
v0000047, 42.1875, 0.5839, 0.18431, 60
v0000047, 44.4375,0.55443, 0.14608, 61
v0000047,      81,0.70528, 0.16765, 62
v0000047, 25.3125, 0.5132, 0.16176, 63
v0000047, 23.0625,0.67154, 0.15882, 64
v0000047,   69.75,0.67878, 0.16961, 65
v0000047,    31.5,0.59657, 0.18627, 66
v0000047, 79.3125, 0.6947,  0.1951, 67
v0000047, 86.0625, 0.8425, 0.16373, 68
v0000047,  68.625,0.54452,  0.1902, 69
v0000047, 51.1875,0.66343, 0.17549, 70
v0000047, 70.3125,0.68809, 0.17843, 71
v0000047, 52.3125,0.93021, 0.12255, 72
v0000047, 43.3125,0.60331, 0.17843, 73
v0000047, 32.0625,0.62009, 0.16176, 74
v0000047,  16.875,0.31725,0.079412, 75
v0000047,  70.875,0.69692, 0.17255, 76
v0000047, 55.6875,0.87907, 0.11961, 77
v0000047,  41.625, 0.5141, 0.18725, 78
v0000047, 63.5625,0.63745, 0.18137, 79
v0000047,  16.875,0.55176, 0.18333, 80
v0000047, 30.9375,0.48827, 0.13529, 81
v0000047,   74.25,0.63889, 0.16765, 82
v0000047, 46.6875,0.46445, 0.13431, 83
v0000047, 66.9375,0.66275, 0.17941, 84
v0000047, 36.5625,  0.579, 0.18922, 85
v0000047,  41.625, 0.4902, 0.18333, 86
v0000047,  37.125,0.73464, 0.16863, 87
v0000047,   20.25,0.73028, 0.17255, 88
v0000047,   74.25,0.74242, 0.16176, 89
v0000047, 56.8125,0.81021, 0.15392, 90
v0000047,      54,0.81949, 0.15098, 91
v0000047,  43.875,0.67667,    0.15, 92
v0000047, 30.9375,0.57604, 0.17843, 93
v0000047,   51.75,0.78696,  0.1451, 94
v0000047,  95.625,0.90798, 0.13529, 95
v0000047,  46.125,0.40751, 0.20098, 96
v0000047, 16.3125,0.59919, 0.17255, 97
v0000047,  30.375,0.46943, 0.17451, 98
v0000047, 34.3125,0.54896, 0.13725, 99
v0000047, 69.1875,0.77341, 0.18039,100
v0000047, 46.6875,0.40723, 0.11569,101
v0000047,    58.5,0.81535, 0.14706,102
v0000047,      27, 0.5402, 0.17059,103
v0000047,      36,0.67953, 0.18137,104
v0000047, 54.5625,0.70164, 0.17157,105
v0000047, 72.5625,0.56398, 0.18333,106
v0000047,   87.75,0.69754, 0.17255,107
v0000047,  48.375,0.57428, 0.18431,108
v0000047, 46.6875,0.48679, 0.18824,109
v0000047, 51.1875,0.51433, 0.20098,110
v0000047,  59.625,0.74303, 0.18137,111
v0000047,  21.375,0.39051,0.092157,112
v0000047, 56.8125,0.56626, 0.18431,113
v0000047, 27.5625, 0.4381, 0.10098,114
v0000047,  64.125,0.59948, 0.19314,115
v0000047,  68.625,0.73288, 0.16078,116
v0000047,      18,0.48382, 0.18725,117
v0000047, 30.9375,0.46303,  0.1549,118
v0000047,  61.875,0.67319, 0.16078,119
v0000047, 50.0625,0.55699, 0.17157,120
v0000047, 42.1875,0.56643, 0.18137,121
v0000047, 35.4375, 0.4671, 0.13824,122
v0000047,      27,0.57941, 0.17745,123
v0000047, 73.6875,0.81985, 0.15686,124
v0000047,   38.25,0.52768, 0.18529,125
v0000047,  34.875,0.56287, 0.15196,126
v0000047, 41.0625,0.36503, 0.12255,127
v0000047,  19.125,0.50323, 0.17647,128
v0000047,  46.125,0.56868, 0.18725,129
v0000047,  16.875,0.50366,  0.1049,130
v0000047,   29.25,0.45777, 0.14412,131
v0000047,  57.375,0.67605, 0.18333,132
v0000047, 91.6875,0.68962, 0.16569,133
v0000047, 35.4375,0.43442,0.098039,134
v0000047,  52.875,0.50584, 0.20098,135
v0000047, 25.3125,0.49847, 0.14118,136
v0000047,116.4375,0.56885,  0.1902,137
v0000047,  48.375,0.49973, 0.18137,138
v0000047,   47.25,0.48263, 0.12157,139
v0000047, 48.9375,0.50133, 0.18137,140
v0000047, 66.9375,0.42907, 0.15392,141
v0000047,   69.75,0.55291, 0.18529,142
v0000047, 30.9375,0.59422, 0.18627,143
v0000047,  43.875,0.47692, 0.18627,144
v0000047, 35.4375,0.31995,0.092157,145
v0000047, 42.1875,0.55294,  0.1951,146
v0000047, 75.9375,0.62649,  0.1902,147
v0000047, 52.3125,0.59098, 0.19706,148
v0000047, 74.8125,0.52794, 0.19902,149
v0000047, 20.8125,0.36015, 0.07451,150
v0000047,  25.875,0.44314,  0.1402,151
v0000047,   42.75,0.43452, 0.15294,152
v0000047, 26.4375, 0.5038, 0.17941,153
v0000047, 44.4375,0.31919,0.091176,154
v0000048,      18,0.35208,0.090196,  1
v0000048,  70.875,0.58631, 0.19216,  2
v0000048, 64.6875,0.70892, 0.18333,  3
v0000048, 36.5625,0.39252, 0.17255,  4
v0000048,  79.875, 0.7369, 0.18627,  5
v0000048,106.3125,0.89354, 0.16176,  6
v0000048, 29.8125,  0.631, 0.17353,  7
v0000048,  48.375, 0.8492, 0.16667,  8
v0000048, 65.8125,0.86268, 0.13529,  9
v0000048,  21.375,0.72993, 0.16667, 10
v0000048, 95.0625,0.86017, 0.16373, 11
v0000048,  61.875,0.82011, 0.17549, 12
v0000048,    76.5, 0.7058,  0.1549, 13
v0000048,   65.25,0.81105, 0.16667, 14
v0000048,  75.375, 0.7743, 0.17647, 15
v0000048, 60.1875,0.94733, 0.15294, 16
v0000048,  48.375,0.87301, 0.13627, 17
v0000048, 47.8125,0.83257, 0.10392, 18
v0000048,  59.625,0.94092, 0.10588, 19
v0000048, 27.5625,0.65306, 0.17451, 20
v0000048, 41.0625,0.68499, 0.14706, 21
v0000048, 28.6875,0.37662, 0.12353, 22
v0000048,  28.125,0.59976,  0.1451, 23
v0000048, 32.0625,0.54042, 0.18137, 24
v0000048,  23.625,0.66069,  0.1598, 25
v0000048,  75.375,0.89959, 0.15882, 26
v0000048, 73.6875,0.87885, 0.14608, 27
v0000048,  75.375,0.88961,  0.1549, 28
v0000048,  52.875,0.70259, 0.18627, 29
v0000048, 64.6875,0.74489, 0.17745, 30
v0000048,      54,0.84485, 0.12451, 31
v0000048,   24.75,0.64234, 0.16471, 32
v0000048, 27.5625,0.65754, 0.16863, 33
v0000048, 29.8125,0.63026, 0.15098, 34
v0000048,  55.125,0.68023, 0.16569, 35
v0000048,   65.25,0.89395, 0.15392, 36
v0000048, 70.3125,0.95329,  0.1598, 37
v0000048, 48.9375,0.73825, 0.16373, 38
v0000048, 64.6875,0.78714, 0.14706, 39
v0000048,  68.625,0.79698, 0.18137, 40
v0000048,  41.625,0.76211, 0.15588, 41
v0000048, 51.1875,0.74006, 0.16275, 42
v0000048, 53.4375,0.75703, 0.16667, 43
v0000048,  19.125,0.49043, 0.12451, 44
v0000048, 62.4375,0.65851, 0.21373, 45
v0000048,   87.75,0.93798, 0.12941, 46
v0000048,  16.875,0.53974, 0.11569, 47
v0000048,   38.25,0.65611,  0.1451, 48
v0000048,  37.125,0.56661, 0.17059, 49
v0000048, 48.9375,0.68474,  0.1549, 50
v0000048, 64.6875, 0.8947, 0.14804, 51
v0000048, 72.5625,0.93604, 0.14216, 52
v0000048, 59.0625,0.97371, 0.12353, 53
v0000048, 55.6875,0.75472, 0.15294, 54
v0000048,      54,0.75641, 0.15686, 55
v0000048,  59.625,0.89785, 0.13333, 56
v0000048,      63,0.92798, 0.11863, 57
v0000048,  79.875,0.93134, 0.15098, 58
v0000048, 63.5625,0.87111, 0.16373, 59
v0000048, 60.1875,0.68734, 0.16863, 60
v0000048, 69.1875,0.91631, 0.11863, 61
v0000048,  66.375,0.91047, 0.13333, 62
v0000048,   78.75, 0.8084, 0.15196, 63
v0000048, 42.1875,0.82301, 0.14314, 64
v0000048,      45,0.63578, 0.16078, 65
v0000048, 23.0625, 0.6374, 0.14314, 66
v0000048,  41.625,0.57276, 0.16471, 67
v0000048,    22.5,0.76833,  0.1098, 68
v0000048,   51.75,0.64621, 0.15784, 69
v0000048, 55.6875,0.82424, 0.16863, 70
v0000048, 61.3125,0.87858, 0.12157, 71
v0000048, 48.9375,0.68758, 0.16765, 72
v0000048,  61.875,0.82831, 0.14216, 73
v0000048, 52.3125, 0.6396,  0.1598, 74
v0000048, 65.8125,0.88108, 0.15196, 75
v0000048, 28.6875,0.77078, 0.15098, 76
v0000048, 48.9375, 0.7588, 0.15784, 77
v0000048,   47.25,0.73679, 0.17353, 78
v0000048, 50.0625,0.86627, 0.15392, 79
v0000048,  19.125,0.54268, 0.12745, 80
v0000048,  57.375,0.89466, 0.12157, 81
v0000048,  79.875,0.81127, 0.17353, 82
v0000048, 37.6875,0.72789,    0.15, 83
v0000048,    31.5,0.76982, 0.12843, 84
v0000048,  57.375,0.78324, 0.15784, 85
v0000048, 72.5625,0.91841, 0.14412, 86
v0000048,  55.125,0.83509, 0.18824, 87
v0000048, 54.5625,0.84613, 0.13431, 88
v0000048, 46.6875,0.68429, 0.16078, 89
v0000048,  55.125,0.86226, 0.13824, 90
v0000048,   56.25,0.68624, 0.14118, 91
v0000048, 45.5625,0.72752, 0.16078, 92
v0000048,  52.875, 0.5922, 0.17843, 93
v0000048,  28.125,0.63153, 0.16961, 94
v0000048, 54.5625,0.89905,  0.1549, 95
v0000048,  73.125,0.93161, 0.17255, 96
v0000048,  23.625,0.55033, 0.12157, 97
v0000048,  25.875,0.55831, 0.16667, 98
v0000048,  55.125,0.70884, 0.15882, 99
v0000048, 41.0625,0.94972, 0.14706,100
v0000048,  32.625,0.63908, 0.15784,101
v0000048, 42.1875,0.78761,  0.1549,102
v0000048,   20.25,0.57614, 0.14118,103
v0000048,   51.75,0.69024, 0.17941,104
v0000048,   69.75,0.88719, 0.16961,105
v0000048, 21.9375,0.59638, 0.15784,106
v0000048,    67.5,0.78454, 0.16961,107
v0000048,  75.375,0.83494, 0.18137,108
v0000048,    31.5,0.57668, 0.17059,109
v0000048, 48.9375,0.93099, 0.11078,110
v0000048, 33.1875,0.75234, 0.14706,111
v0000048,    58.5,0.68612,  0.1902,112
v0000048, 43.3125,0.67013, 0.16275,113
v0000048, 18.5625,0.66263, 0.16569,114
v0000048, 62.4375,0.95107, 0.12059,115
v0000048,  46.125,0.66016, 0.17353,116
v0000048, 35.4375,0.37081, 0.10294,117
v0000048, 64.6875,0.91952, 0.15588,118
v0000048,  41.625,0.81749, 0.13922,119
v0000048,  25.875,0.37059, 0.12255,120
v0000048, 39.9375,0.59249, 0.17059,121
v0000048, 28.6875,0.62907, 0.14902,122
v0000048,104.0625,0.91883, 0.12059,123
v0000048, 33.1875,0.65404, 0.17843,124
v0000048,  48.375,0.79134, 0.16471,125
v0000048, 53.4375,0.86093, 0.16078,126
v0000048,   69.75,0.99538,0.085294,127
v0000048,  57.375,0.47551, 0.20196,128
v0000048, 18.5625,0.37362, 0.09902,129
v0000048,  50.625,0.73678, 0.16863,130
v0000048,   65.25,0.87282, 0.14608,131
v0000048, 59.0625,  0.795, 0.17255,132
v0000048, 41.0625,0.64185, 0.19412,133
v0000048,    67.5,0.72467, 0.15882,134
v0000048, 41.0625,0.58781,  0.1902,135
v0000048,  68.625,0.87702, 0.15098,136
v0000048, 60.1875,0.66868, 0.14412,137
v0000048,  86.625,0.89277, 0.14216,138
v0000048, 57.9375, 0.6455, 0.16863,139
v0000048,      18,0.77684, 0.16176,140
v0000048, 36.5625,0.65195, 0.16863,141
v0000048,  43.875,0.64369, 0.17843,142
v0000048, 57.9375,0.83107, 0.17745,143
v0000048,  64.125,0.78077, 0.17157,144
v0000048, 68.0625,0.89558, 0.12059,145
v0000048,   24.75,0.55954, 0.14314,146
v0000048, 75.9375,0.94585, 0.13137,147
v0000048, 39.9375, 0.5245, 0.14706,148
v0000048,   51.75,0.73269, 0.17059,149
v0000048,    67.5,0.74062, 0.16373,150
v0000048,   42.75,0.67203, 0.17451,151
v0000048, 59.0625,0.76654, 0.16863,152
v0000048, 62.4375,0.76884, 0.17451,153
v0000048,   29.25, 0.5822, 0.13627,154
v0000048,  16.875,0.67059, 0.15294,155
v0000048, 57.9375,0.78816, 0.18039,156
v0000048,      45,0.72961, 0.16863,157
v0000048, 48.9375, 0.7085, 0.18529,158
v0000048,    40.5,0.50501, 0.16275,159
v0000048, 41.0625,0.67854, 0.16863,160
v0000048,      45, 0.6552, 0.16569,161
v0000048, 64.6875,0.89439, 0.14412,162
v0000048,    40.5,0.70114, 0.17647,163
v0000048, 65.8125,0.75918, 0.17647,164
v0000048,    49.5,0.67228, 0.17451,165
v0000048, 78.1875, 0.9225, 0.15588,166
v0000048, 61.3125,0.84447, 0.14706,167
