v0000026_seg,     90,0.63759,0.83333,132.3688,55,51.84375,23, 1
v0000026_seg,45.5625,0.80305,0.77885,158.4815,45,98.30303,32, 2
v0000026_seg,41.0625,0.94364,0.71569,169.0959,51,79.55714,29, 3
v0000026_seg, 61.875,0.85681,0.65089,196.5182,41,121.9803,49, 4
v0000026_seg,  51.75,0.50858,0.83636,177.7609,49,81.43939,27, 5
v0000026_seg,     81,0.44554,0.79121,176.0556,53,53.70513,24, 6
v0000026_seg, 41.625,0.81321,0.68519,219.1486,43,96.45455,53, 7
v0000026_seg,55.6875,0.68483,0.76154,153.3333,46,94.46429,36, 8
v0000026_seg, 50.625, 0.7932,0.68182,163.4778,42,100.1571,51, 9
v0000026_seg,66.9375,0.68323,0.76282,230.2689,40,121.5068,53,10
v0000026_seg, 46.125,0.70317,0.75926,175.1951,47,71.43939,44,11
v0000026_seg,37.6875, 0.5008,0.74444,153.9851,50,57.71774,33,12
v0000026_seg, 73.125,0.81056,0.72222,153.6538,49,96.91667,54,13
v0000026_seg,64.6875,0.57136,0.74675,211.3652,42,   69.72,25,14
v0000026_seg,36.5625, 0.9047,0.66327,192.7077,39,104.2424,43,15
v0000026_seg,66.9375,0.42032,0.82639,193.6723,49,45.79167,16,16
v0000026_seg,   40.5,0.82244,0.66667,146.7917,51,82.62879,37,17
v0000026_seg,65.8125,0.48491,   0.75,193.8462,46,76.47973,43,18
v0000026_seg, 52.875,0.63844,0.65278,216.2766,37,102.8056,43,19
v0000026_seg,56.8125,0.71288,0.72143,161.5446,49,82.16667,27,20
v0000026_seg,  33.75,0.64343,0.83333,114.2333,31, 58.7931,37,21
v0000026_seg, 52.875,0.83446,0.83929,208.3404,34,126.9926,51,22
v0000026_seg,57.9375, 0.4995,0.72028,231.2427,34,115.1319,55,23
v0000026_seg,  42.75,0.13861,   0.76,220.2105,39,79.03125,48,24
v0000026_seg,   49.5,0.75446,0.66667,152.3636,47,85.77143,32,25
v0000026_seg,   40.5,0.84297,   0.75,203.3333,44,108.0859,49,26
v0000026_seg,   13.5,0.64352,    0.8,215.8333,27,111.2174,34,27
v0000026_seg,38.8125,0.75151,0.78409,140.2464,45,83.25806,26,28
v0000026_seg,  42.75,0.63079,   0.76,159.1842,43,73.60938,31,29
v0000026_seg,  29.25,0.79631,0.86667,142.5962,48,70.72321,24,30
v0000026_seg, 23.625,0.67877,  0.875,184.7619,34,98.44231,33,31
v0000026_seg,45.5625,0.59268,0.81818,174.3827,39,90.26316,41,32
v0000026_seg,32.0625,0.77721, 0.7125,211.7368,30,75.51667,48,33
v0000026_seg,   49.5,0.44915,    0.8,217.4432,46,108.1439,54,34
v0000026_seg,  47.25,0.46219,0.69421,159.0952,54,78.66176,58,35
v0000026_seg, 50.625,0.47523,   0.75,232.7444,31,81.08824,41,36
v0000026_seg, 52.875,0.76669,0.80342,205.3617,42,99.72794,38,37
v0000026_seg,62.4375,0.66401,0.72078,174.3514,51,43.77703,16,38
v0000026_seg,44.4375,0.83661,0.70536,215.3038,35,98.57353,44,39
v0000026_seg,41.0625,0.50556,   0.73,187.8356,43,66.42969,42,40
v0000026_seg,30.9375, 0.5791,0.87302,148.1818,46,81.42857,25,41
v0000026_seg,51.1875,0.71516,0.77778,167.3736,44,72.27206,28,42
v0000026_seg,65.8125,0.42738,   0.75,194.7949,47,75.91892,54,43
v0000026_seg,33.1875,0.83246,0.65556,124.2373,46,77.20161,22,44
v0000026_seg, 28.125,0.54262,0.69444,  207.38,31,93.52137,43,45
v0000026_seg, 39.375,0.77241,0.79545,181.9286,46,101.4435,51,46
v0000026_seg,24.1875,0.82653,0.71667,228.9767,33,98.21429,43,47
v0000026_seg,   49.5, 0.5655,    0.8, 145.125,48,82.82576,27,48
v0000026_seg,34.3125,0.41076,0.84722, 180.623,46,78.98276,37,49
v0000026_seg,48.9375,0.67312,0.69048,202.3218,42,62.04965,25,50
v0000026_seg, 95.625,0.66543,0.75893,202.5294,46,76.29762,45,51
v0000026_seg,   58.5,0.43993,0.78788,114.8173,51,56.98571,21,52
v0000026_seg, 48.375,0.72296, 0.7963,77.86047,32,52.77273,16,53
v0000026_seg, 21.375,  0.735,0.77551,117.6579,34,55.31731,20,54
v0000026_seg,41.0625,0.56762,0.81111,194.1918,42,70.55645,28,55
v0000026_seg,43.3125,0.57871,    0.7,163.8571,40,66.64394,24,56
v0000026_seg,62.4375,0.70233,0.79286,179.0631,47,63.48611,36,57
v0000026_seg,39.9375,0.42802,0.78889,113.0845,39,52.83871,19,58
v0000026_seg,42.1875,0.43394,0.83333,196.1867,43,87.14516,36,59
v0000026_seg,30.9375,0.43537,0.76389,151.2727,42,87.81034,24,60
v0000026_seg,  92.25,0.64093,0.78095,186.0549,53,44.51829,36,61
v0000026_seg,  60.75,0.46197,0.81818,217.0463,41,65.32143,43,62
v0000026_seg, 28.125,0.87247,0.75758,  172.26,45, 73.2931,42,63
v0000026_seg,75.9375,0.54181,   0.75,96.67407,45,53.87179,24,64
v0000026_seg,     36,0.52373,0.71111,178.7969,45,86.32258,29,65
v0000026_seg,  33.75,0.55331,0.83333,180.9833,43,87.82759,29,66
v0000026_seg, 25.875,0.45433,0.82143,118.7826,48,67.86111,24,67
v0000026_seg,18.5625,0.82309,  0.825,186.8788,38,    91.6,52,68
v0000026_seg,27.5625,0.63536,0.77778,111.3265,38, 65.0625,29,69
v0000026_seg,38.8125,0.91139,0.66346,204.4493,39,95.68939,34,70
v0000026_seg,  38.25,0.79232,0.70833,207.0882,46,95.60156,51,71
v0000026_seg, 57.375,0.49261,   0.85,187.8529,45,69.97059,32,72
v0000026_seg, 55.125,0.79579,0.75385,225.6224,40, 82.9078,38,73
v0000026_seg,54.5625,0.75012,0.73485,127.7629,44,55.07857,21,74
v0000026_seg,42.1875,0.66085,0.85227,164.4667,47,91.72581,39,75
v0000026_seg,61.3125,0.60214,0.82576,182.5688,47,54.16783,28,76
v0000026_seg, 61.875,0.34847,0.83333,157.0455,50,51.57857,28,77
v0000026_seg, 46.125,0.30276,   0.82, 198.878,46,55.47656,20,78
v0000026_seg, 46.125,0.72297,0.75926,88.09756,35, 44.2803,16,79
v0000026_seg,42.1875,0.79676,0.78125,  169.88,50,79.44531,22,80
v0000026_seg,     36,0.60212,0.88889,194.3281,40,78.25862,37,81
v0000026_seg,60.1875,0.70205,0.74306,204.3178,37,81.69444,43,82
v0000026_seg,72.5625,0.57717,0.76786,153.1783,54,48.89474,27,83
v0000026_seg,  29.25, 0.8076,0.86667,171.8846,41,99.94643,30,84
v0000027_seg,32.0625,0.39782,0.89062,172.4386,47,68.92857,33, 1
v0000027_seg,   49.5,0.66543,0.81481,  202.75,42,56.37879,19, 2
v0000027_seg, 30.375,0.93656,0.69231,210.1667,46,122.1613,52, 3
v0000027_seg,  47.25, 0.5116,0.76364, 190.631,47,75.62121,31, 4
v0000027_seg, 48.375, 0.3863,0.78182,210.8837,36,73.65909,40, 5
v0000027_seg,46.6875,0.79444,0.74107, 222.253,39,118.8088,49, 6
v0000027_seg, 61.875,0.84369,0.73333,179.7273,43,111.6959,52, 7
v0000027_seg,65.8125,0.47768,   0.75,212.0855,46,73.58784,30, 8
v0000027_seg, 30.375,0.80436,0.66667,174.4815,43,98.50833,41, 9
v0000027_seg,23.0625,0.89579,0.58571,152.6341,48,77.22414,28,10
v0000027_seg, 32.625,0.52046,0.80556,206.5172,33,107.1034,45,11
v0000027_seg, 21.375,0.63365,0.90476,166.5789,44,   93.44,35,12
v0000027_seg,     63,0.42938,0.84848,201.5446,43,76.07143,57,13
v0000027_seg, 61.875,0.78039,0.70513,221.8364,42,99.33108,54,14
v0000027_seg,38.8125,0.44787,0.76667,181.6232,45,116.9113,50,15
v0000027_seg,   58.5,0.78631,0.74286,218.1442,42,107.6181,43,16
v0000027_seg, 46.125,0.59868,0.82828,219.3171,35,93.71094,51,17
v0000027_seg,   22.5,0.78326,0.71429, 220.975,34, 133.963,43,18
v0000027_seg,70.3125,0.50694,0.74405, 203.664,52,32.85526,14,19
v0000027_seg,   40.5,0.76129,0.93506,213.9167,37,68.50833,64,20
v0000027_seg,42.1875,0.42659,0.83333,190.6667,41,72.30645,28,21
v0000027_seg,42.1875,0.90231,  0.625,225.8533,43,135.2214,48,22
v0000027_seg,  47.25,0.44002,0.76364,212.4524,43,95.78788,44,23
v0000027_seg,36.5625,0.83134,0.71429,188.2923,38,  108.25,50,24
v0000027_seg,78.1875,0.53096,0.76374,182.0072,49,69.10256,21,25
v0000027_seg,26.4375,0.74587,0.74603,205.1702,39,103.9107,51,26
v0000027_seg,45.5625,0.68418,0.81818,154.9753,49,69.64844,23,27
v0000027_seg, 52.875,0.21373,0.77686,203.8298,46,76.27941,31,28
v0000027_seg, 48.375,0.66198,0.65152,208.6744,39,83.34286,33,29
v0000027_seg,59.0625,0.55002,0.72917,181.6952,44,61.59722,30,30
v0000027_seg, 52.875,0.81467,0.83929,206.2447,38,105.6471,57,31
v0000027_seg,29.8125,0.77526,0.73611,182.7547,54,115.0603,55,32
v0000027_seg,     36,0.77449,0.72727,112.1719,52,58.85484,18,33
v0000027_seg,29.8125,0.83202,0.73611,194.8491,40,97.30172,54,34
v0000027_seg, 43.875,0.50362,0.78788,202.8077,44,102.3672,39,35
v0000027_seg,  51.75,0.14853,0.76033,186.3804,51,37.58824,22,36
v0000027_seg,38.8125, 0.7107,0.78409,165.0725,46,59.04032,20,37
v0000027_seg, 16.875,0.65806,0.85714,   192.6,41,110.4271,42,38
v0000027_seg,     36,0.78062,0.58182,229.4844,37,153.5227,50,39
v0000027_seg,28.6875,0.74183,0.94444,190.1569,39,87.87037,37,40
v0000027_seg, 37.125, 0.7302,   0.75,211.5758,39,111.5484,50,41
v0000027_seg, 28.125,0.87824,0.71429,  220.04,32,128.1379,49,42
v0000027_seg, 50.625,0.76001,0.76923,196.1333,40,71.93382,24,43
v0000027_seg,     63,0.65955,0.86154,225.2054,41,128.1214,51,44
v0000027_seg,  47.25,0.81843,0.71795,178.6548,39,109.2279,38,45
v0000027_seg, 43.875,0.54578,0.86667,122.5128,42,64.81452,17,46
v0000027_seg,65.8125,0.64719,0.75974,207.8803,44,99.22973,45,47
v0000027_seg,51.1875,0.58058,0.91919,203.6484,48,101.2109,47,48
v0000027_seg,  42.75,0.76785,0.79167,135.8421,50,56.32031,18,49
v0000027_seg,44.4375,0.54243,0.79798,176.3671,42,118.6094,52,50
v0000027_seg,   40.5,0.72625,    0.8,239.1667,29, 159.129,44,51
v0000027_seg,  38.25,0.73244,0.77273,230.2794,29,109.1048,44,52
v0000027_seg,57.9375,0.74796,0.73571,225.5631,37,109.0903,40,53
v0000027_seg, 32.625,0.62551,0.80556,222.8276,40,106.1121,26,54
v0000027_seg, 46.125,0.57706,0.82828,212.5732,46,97.47656,40,55
v0000027_seg,48.9375,0.78698,0.74359,212.9425,37,93.27206,54,56
v0000027_seg,66.9375,0.54631,0.83217,194.3613,40,94.36111,26,57
v0000027_seg,69.1875,0.72651, 0.7987,212.4797,47,75.35135,29,58
v0000027_seg,     54, 0.3917,0.72727,228.2604,34,  109.55,55,59
v0000027_seg,45.5625,0.51636,   0.81,184.4938,50,89.10938,35,60
v0000027_seg, 46.125,0.78367,0.85417,216.3415,46,74.74219,27,61
v0000027_seg,43.3125,0.82038,0.71296,206.7403,41,101.3333,30,62
v0000027_seg,26.4375,0.60587,0.73438,202.7447,41,121.7232,48,63
v0000027_seg,  42.75,0.42101,0.84444,163.7763,45,73.23387,24,64
v0000027_seg,   49.5,0.75499,0.75214,  212.25,40,80.43066,24,65
v0000027_seg,37.6875, 0.7659,0.76136,200.6418,36,91.47581,48,66
v0000027_seg,   31.5,0.44249,0.77778,222.5357,33,98.80172,41,67
v0000027_seg,34.3125,0.68475, 0.7625,186.0492,44,92.48333,30,68
v0000027_seg, 34.875,0.62685,0.68889,162.0323,46,87.85484,27,69
v0000027_seg,     90,0.67038,0.76923,  228.25,35, 132.122,50,70
v0000027_seg,   49.5,0.73409,0.75214,215.6705,46,107.7426,54,71
v0000027_seg,23.0625,0.34474,0.83673,179.6098,43,110.9135,48,72
v0000027_seg, 37.125, 0.7836,   0.75,173.4848,47,77.67742,25,73
v0000027_seg,     63,0.68759,0.72727,227.7232,35,91.90541,41,74
v0000027_seg, 66.375,0.39296,0.75641,   207.5,50,63.22297,32,75
v0000027_seg,53.4375,0.73312,0.73077,   207.6,40,88.97857,32,76
v0000027_seg, 61.875,0.77772,0.71429,203.2455,38,93.85811,41,77
v0000027_seg, 66.375,0.66003,0.76623,198.8729,46,94.03378,45,78
v0000027_seg, 41.625,0.69915,0.82222, 216.527,45, 128.371,50,79
v0000027_seg,66.9375,0.60041,0.83217,219.6723,36,125.0139,49,80
v0000027_seg,38.8125,0.49474,0.76667,162.5942,45,72.71774,21,81
v0000027_seg,  29.25,0.69035, 0.8254,174.3462,36,93.79464,36,82
v0000027_seg, 57.375,0.58769,0.78462,177.7353,49,71.65714,27,83
v0000027_seg,     81,0.57041,0.79121,159.1319,42,95.74359,29,84
v0000027_seg,51.1875,0.46142,0.75207,218.9341,40, 117.625,51,85
v0000027_seg,39.9375,0.82265,0.84524,201.2113,42,78.44355,48,86
v0000027_seg, 52.875,0.49605,0.71212,183.8404,38,120.3071,40,87
v0000027_seg,52.3125, 0.7781,0.65035,189.3871,38,95.43056,37,88
v0000027_seg,74.8125,0.82716,0.78235,209.5789,41,115.3782,54,89
v0000027_seg,  56.25,0.75885,0.76923,   197.8,44,    83.4,33,90
v0000027_seg,28.6875,0.68357,0.72857,184.1176,39,113.1552,40,91
v0000027_seg,24.1875,0.79227,0.67188,178.5814,42,68.69643,30,92
v0000027_seg,27.5625, 0.5816,0.77778,201.4082,37,82.33929,32,93
v0000027_seg,  47.25,0.86173,0.85714,212.6905,40,117.4924,52,94
v0000027_seg, 25.875,0.41309,0.71875,191.7826,38,100.4464,37,95
v0000027_seg, 34.875,0.61998,  0.775,178.2258,38,83.53333,31,96
v0000027_seg, 57.375,0.85543,0.72857,210.6275,42,104.9861,54,97
v0000027_seg, 28.125,0.78601,0.83333,  174.36,43,89.64286,24,98
v0000027_seg,29.8125,0.88022,0.63095,184.1509,51,87.69355,31,99
v0000028_seg, 35.4375,0.80548,0.81818,13.30159,14,  59.475,50,  1
v0000028_seg, 81.5625,0.56403, 0.7967,189.4621,45,100.9872,49,  2
v0000028_seg, 38.8125,0.49437,0.76667, 190.058,39,103.0484,39,  3
v0000028_seg,  70.875,0.48282,0.69231,28.35714,64,88.44231,64,  4
v0000028_seg, 61.3125, 0.8201,0.80741,213.8716,41,129.9097,51,  5
v0000028_seg,  46.125,0.49467,   0.82, 191.061,45,80.40625,25,  6
v0000028_seg,    76.5,0.57365,0.74725,15.79412,36, 83.8038,64,  7
v0000028_seg,   60.75,0.64565,0.81818,217.3889,41,112.6214,46,  8
v0000028_seg,  86.625,0.44195,0.73333,185.7143,49,98.31098,45,  9
v0000028_seg,   74.25,0.73935,0.72527,226.0985,36,111.5321,50, 10
v0000028_seg, 48.9375,0.67132,0.80556,153.0345,45,100.4924,39, 11
v0000028_seg, 60.1875,0.59992, 0.6859,223.6355,42,111.2027,52, 12
v0000028_seg,    85.5,0.76736,0.81283,192.1382,41,114.6375,44, 13
v0000028_seg,  79.875,0.78806,0.80682,169.9789,49,94.46795,35, 14
v0000028_seg,  34.875,0.75696,0.68889,146.8387,38,100.8871,35, 15
v0000028_seg, 81.5625,0.77159,0.69048,213.4897,39,102.3293,44, 16
v0000028_seg,      45,0.60689,0.72727,204.3125,38,118.0909,48, 17
v0000028_seg,  95.625,0.74733,0.66406,221.5353,39,127.8466,52, 18
v0000028_seg, 61.3125,0.60684,0.90833,227.3945,41,116.7941,50, 19
v0000028_seg,   38.25,0.74381,0.77273,212.3676,38,111.1613,41, 20
v0000028_seg, 43.3125,0.62747,0.77778, 223.039,32,104.1719,32, 21
v0000028_seg, 44.4375,0.82603,0.75962,212.2658,49,82.71212,32, 22
v0000028_seg, 60.1875,0.73233,0.81061, 218.972,42,105.7857,51, 23
v0000028_seg, 20.8125,0.68619,0.77083,177.4595,45,82.72115,31, 24
v0000028_seg, 23.0625,0.53347,0.83673,170.9024,39,106.2788,34, 25
v0000028_seg,   60.75,0.59492,0.83077,200.7315,41,94.37857,48, 26
v0000028_seg, 60.1875,0.36458,0.74306,184.7664,43,118.0833,31, 27
v0000028_seg,  91.125,0.57079,0.83077,223.5926,39,127.4375,48, 28
v0000028_seg, 54.5625, 0.1336,0.80165,201.6082,41,107.2426,42, 29
v0000028_seg, 57.9375,0.43627, 0.7803,213.3398,42,93.60714,31, 30
v0000028_seg,      72,0.79796,0.68449, 219.125,37,113.5438,42, 31
v0000028_seg, 52.3125,0.75697,0.79487,210.7742,44,112.1397,43, 32
v0000028_seg, 25.3125,0.70648,0.80357,205.7333,30,   116.5,46, 33
v0000028_seg,  64.125,0.79659,0.67857,220.8684,40,113.9342,49, 34
v0000028_seg, 56.8125,0.72137,0.76515,205.0594,36,     111,50, 35
v0000028_seg, 21.9375,0.74914, 0.8125,174.5641,39,     119,38, 36
v0000028_seg,  32.625,0.58163,0.80556,140.7759,49,67.10345,27, 37
v0000028_seg, 62.4375, 0.8141,0.82222,214.9099,37,127.8403,46, 38
v0000028_seg, 68.0625,0.73198,0.72024,189.0165,44,121.4408,38, 39
v0000028_seg,  79.875,0.77936,0.80682,211.9718,43,107.8599,42, 40
v0000028_seg,    49.5,0.77417,0.72727,197.7386,40,      96,29, 41
v0000028_seg,   47.25,0.79432,    0.7,  216.25,46,140.2353,47, 42
v0000028_seg, 60.1875,0.68272,0.76429,216.0841,35,112.6736,52, 43
v0000028_seg, 43.3125,0.34353,   0.77,209.1169,43,144.3359,45, 44
v0000028_seg, 46.6875,0.81477,0.68595,218.3735,41,106.4485,40, 45
v0000028_seg,   51.75,0.81767,0.78632,192.3478,40,100.8971,33, 46
v0000028_seg,      72,0.43034, 0.7574,209.4844,38,128.3882,38, 47
v0000028_seg, 38.8125,0.64068,   0.69,202.2609,33,139.3594,47, 48
v0000028_seg,  55.125,0.71619,0.80992,216.9388,41,118.1029,32, 49
v0000028_seg, 42.1875,0.75154,0.78125,  178.48,41,87.95312,28, 50
v0000028_seg, 53.4375,0.69438,0.66434,208.8105,41,95.72917,38, 51
v0000028_seg,  32.625,0.90881,0.74359,175.1207,50,88.08871,39, 52
v0000028_seg, 36.5625, 0.8176,0.73864,179.2923,41,105.5968,42, 53
v0000028_seg,  41.625,0.67495,0.67273,173.2297,42,102.0758,51, 54
v0000028_seg,  88.875,0.58519,0.65833,221.6266,44, 127.436,50, 55
v0000028_seg,   78.75,0.44637,0.76923,198.7857,49,53.16026,31, 56
v0000028_seg, 47.8125,0.68477,0.78704,204.4706,42,137.2879,48, 57
v0000028_seg,    49.5,0.43572,   0.88,192.0682,43,117.4219,34, 58
v0000028_seg, 50.0625,0.81081,0.67424,171.6966,42,110.6857,27, 59
v0000028_seg, 47.8125,0.66114,0.78704,198.3882,44, 99.2197,34, 60
v0000028_seg, 84.9375,0.62038,0.83889,229.3974,41,149.9359,44, 61
v0000028_seg, 28.6875,0.72735,0.80952,202.4902,35,84.42857,25, 62
v0000028_seg, 92.8125,0.27999,0.84184,213.1818,43,138.3125,47, 63
v0000028_seg,      36,0.67272,0.79012,208.0156,35,89.68333,36, 64
v0000028_seg,  68.625,0.58277,0.78205, 201.582,41,97.30405,41, 65
v0000028_seg,  77.625,0.76275,0.71875,169.7174,40, 114.225,41, 66
v0000028_seg,108.5625,0.68609,0.76587,223.3575,41,136.9773,44, 67
v0000028_seg,    85.5,0.72783,0.84444,199.4342,46,136.2949,44, 68
v0000028_seg,   20.25,0.84341,    0.8,177.4167,37,94.41346,26, 69
v0000028_seg,    58.5, 0.8077,0.74286,225.0577,38,142.4861,49, 70
v0000028_seg,  61.875,0.53888,0.76923,   212.3,37,133.6944,46, 71
v0000028_seg, 95.0625,0.75037,0.78241,227.0355,39, 111.631,51, 72
v0000028_seg,   103.5, 0.6153,0.76667,231.0815,39,130.7151,49, 73
v0000028_seg,   33.75,0.85472,0.77922,191.4167,38,60.95833,21, 74
v0000028_seg,  70.875,0.75929,0.69231, 213.246,42,107.8013,35, 75
v0000028_seg,   65.25,0.66275,0.81119,218.4052,42,108.6806,51, 76
v0000028_seg,      63,0.86974,0.77778,220.8571,40, 106.027,40, 77
v0000028_seg,      54,0.80741,0.73846,204.8542,41,121.8582,43, 78
v0000028_seg, 57.9375,0.71503,0.72028,217.3107,33,136.0278,50, 79
v0000028_seg,  46.125,0.84615,0.68333, 197.939,40,110.3015,42, 80
v0000028_seg,  39.375,0.74725,0.79545,186.5429,42,120.2903,39, 81
v0000028_seg,   121.5,0.49435,   0.75,223.0694,53,74.59239,55, 82
v0000028_seg, 46.6875,0.79973,0.76852,212.7952,44,105.6818,43, 83
v0000028_seg,102.9375,0.58848,0.76891,211.7486,38,111.9419,46, 84
v0000028_seg, 45.5625,0.66416,0.81818,220.4938,45,108.0781,32, 85
v0000028_seg,105.1875,0.32814,0.77917,227.6257,40,160.4593,44, 86
v0000028_seg,    58.5,0.78856, 0.8254,191.5769,43,86.61429,34, 87
v0000028_seg, 65.8125,0.84176,0.73125,195.3675,46,114.6382,49, 88
v0000028_seg, 64.6875,  0.652,0.73718,224.8087,35,113.5541,47, 89
v0000028_seg,118.6875,0.62675,0.69408,  214.09,42,119.7074,48, 90
v0000028_seg,   29.25,0.68869, 0.8125,209.8462,37,   104.5,50, 91
v0000028_seg,  46.125,0.52011,0.74545,163.0976,42,96.89394,28, 92
v0000028_seg, 75.9375,0.69319,0.74176,226.6074,33,130.6282,52, 93
v0000028_seg,      72,0.59685, 0.7574,190.8125,43,81.53947,24, 94
v0000028_seg,  82.125,0.41019, 0.7449,217.5822,39,112.0875,38, 95
v0000028_seg,111.9375,0.53953,0.78039,208.4372,45,107.3182,52, 96
v0000028_seg, 62.4375,0.75008,0.77083,195.5946,41,116.8194,42, 97
v0000028_seg, 38.8125, 0.6779,0.76667,180.3913,50,75.79032,19, 98
v0000028_seg,  97.875,0.62146,0.82857,218.4713,39,121.9879,44, 99
v0000028_seg, 97.3125,0.68343,0.56908,217.4624,48,141.0208,52,100
v0000028_seg, 39.9375,0.82805,0.65741,135.6338,51,53.74242,16,101
v0000028_seg, 46.6875,0.75466,0.63846,     187,39,106.4214,33,102
v0000028_seg, 46.6875, 0.5093,0.83838,199.3012,39,98.78906,31,103
v0000028_seg,   78.75,0.78909,0.67308,  219.85,42,125.8415,52,104
v0000028_seg,  57.375,0.87858,0.79688,195.9118,43,88.64583,32,105
v0000028_seg,   87.75,0.77567,0.72222,224.6859,45,141.8421,45,106
v0000028_seg, 75.9375,0.72609,0.81818,228.4296,34,124.8092,49,107
v0000028_seg, 64.6875,0.54579,0.73718,221.0783,39,100.3311,34,108
v0000028_seg,151.3125, 0.5673,0.70789,230.4387,43,146.6763,49,109
v0000028_seg, 86.0625,0.52247,0.78061, 221.268,44,123.2562,50,110
v0000028_seg,129.9375,0.73059,0.72188,235.0649,38, 154.731,47,111
v0000028_seg,      45,0.67903,    0.8,210.6125,35,136.1328,48,112
v0000028_seg,      72,0.71607, 0.7619,213.7812,46,89.96053,35,113
v0000028_seg,  73.125,0.80078,0.66667,209.2692,47,101.4437,35,114
v0000028_seg,  46.125,0.68655,   0.82,218.5244,38,130.8672,49,115
v0000028_seg,   74.25,0.74365,0.70588,217.2576,44,   123.1,51,116
v0000028_seg,      63,0.64617,0.78322,220.4821,34,113.1597,51,117
v0000028_seg, 106.875, 0.6755, 0.7451,225.9263,42,119.2727,51,118
v0000028_seg,  48.375,0.64897,0.86869,213.5814,43,105.8047,51,119
v0000028_seg, 47.8125, 0.8379, 0.7265,189.7059,40,107.4853,52,120
v0000028_seg, 51.1875,0.75719,0.77778,212.1978,40,90.13235,43,121
v0000028_seg,  43.875,0.70384,   0.78,174.5897,39,107.4297,32,122
v0000028_seg, 29.8125,0.76063,0.84127,205.2453,36,82.02679,23,123
v0000028_seg, 82.6875,0.61752,0.75385, 212.517,40, 112.525,52,124
v0000028_seg,  101.25,0.40996,0.85714,219.6444,38, 119.689,49,125
v0000028_seg,119.8125,0.58819,0.78889, 218.108,49,136.3111,47,126
v0000028_seg,    40.5,0.35693,    0.8,180.9167,48,107.4032,36,127
v0000028_seg,      45,0.73024,0.83333,197.6625,40,85.70312,25,128
v0000028_seg, 36.5625,0.80256,0.84416,199.5077,39,134.1917,49,129
v0000028_seg,  39.375,0.80354,0.72917,162.4286,43,92.44531,38,130
v0000028_seg, 113.625,0.60442,0.79216,221.1832,46,114.4943,54,131
v0000028_seg,   51.75,0.85044,0.65714,156.3478,44,73.24306,35,132
v0000028_seg, 77.0625,0.79832,0.77841, 225.292,42,112.6667,53,133
v0000028_seg,      99,0.65517,0.78571,   226.5,34,128.2619,36,134
v0000028_seg,  43.875, 0.7575, 0.8125,180.9744,40,89.17969,40,135
v0000028_seg, 65.8125,0.66547,0.81818,219.6239,38,118.5625,48,136
v0000028_seg, 199.125,0.45003,0.66919,235.8983,39,166.1239,50,137
v0000028_seg,      45,0.78196,0.83333,226.2625,30,112.2578,39,138
v0000028_seg, 56.8125,0.71793,0.84167,21.36634,40,59.04412,37,139
v0000028_seg,    31.5,0.47998,  0.875,199.0357,42,74.28571,37,140
v0000028_seg, 60.1875,0.82596,0.79259,200.3084,40,103.8681,55,141
v0000028_seg, 71.4375,0.60037,0.88811,214.9213,41,110.2361,47,142
v0000028_seg, 109.125,0.36457,0.86222,201.7371,48,100.6905,51,143
v0000028_seg, 60.1875,0.64214,0.74825,221.6449,40,135.9792,50,144
v0000028_seg, 63.5625,0.76816,0.67262,211.4248,41,84.46711,52,145
v0000028_seg, 41.0625,0.72445,0.73737,200.7534,43,82.05469,44,146
v0000028_seg, 59.0625,0.75035,0.72917,171.5905,41,99.85417,38,147
v0000031_seg, 93.9375,0.59712,0.79524,210.7545,49,113.3171,41,  1
v0000031_seg,   51.75, 0.7027,0.69697,180.5978,48,103.9857,40,  2
v0000031_seg,    76.5, 0.6983,0.82424,204.9853,64,98.82895,58,  3
v0000031_seg,   65.25,0.70324,0.70303,194.7759,43,95.93421,32,  4
v0000031_seg, 44.4375,0.76406,0.71818,173.3924,47,98.18182,27,  5
v0000031_seg,   42.75,0.69188,0.84444,198.0395,39,79.73387,29,  6
v0000031_seg, 64.6875,0.55301, 0.8042,214.2174,40, 111.669,52,  7
v0000031_seg,    67.5,0.80694,   0.75,224.2417,36,159.4314,43,  8
v0000031_seg, 34.3125,0.56514, 0.7625,153.4262,48,93.09167,23,  9
v0000031_seg, 90.5625,0.71738,0.77404,218.2174,47,94.17073,46, 10
v0000031_seg,  57.375,0.88597,0.70833,144.8235,51,83.91216,29, 11
v0000031_seg, 73.6875,0.72713,0.79394,212.9466,47,125.1429,49, 12
v0000031_seg, 64.6875,0.58909, 0.8042,206.5304,38,116.7917,41, 13
v0000031_seg,  61.875,0.54244,0.76923,210.7818,43,95.94444,51, 14
v0000031_seg, 72.5625,0.79575,0.80625, 165.907,48,105.9474,37, 15
v0000031_seg, 63.5625,0.88843,0.73856,212.5487,40,94.78947,31, 16
v0000031_seg, 50.0625,0.71349,0.80909,189.3034,42,101.8636,54, 17
v0000031_seg,  66.375,0.73304,0.76623,202.4831,43,79.95946,29, 18
v0000031_seg, 43.3125,0.89613, 0.6875,194.5844,40,   98.25,48, 19
v0000031_seg, 75.9375,0.75394,   0.75,224.1259,39,104.7564,34, 20
v0000031_seg, 42.1875,0.65682,0.75758,201.9733,54,      46,28, 21
v0000031_seg,   24.75,0.74995,0.81481,197.4545,41,72.90741,35, 22
v0000031_seg,   65.25,0.31674,0.80556,216.1638,41,118.9167,52, 23
v0000031_seg,   56.25,0.48085,0.69444,  207.67,43,105.3542,39, 24
v0000031_seg, 43.3125,0.56566,    0.7,215.0649,36,102.7273,35, 25
v0000031_seg, 83.8125,0.64805,0.82778,230.7987,39,130.6561,46, 26
v0000031_seg,    49.5, 0.4555,    0.8,175.5568,39,128.6439,50, 27
v0000031_seg, 73.6875,0.35802,0.83974,210.9466,45,88.33784,32, 28
v0000031_seg,   69.75,0.71651,0.75152,216.7984,54,89.66667,28, 29
v0000031_seg,   38.25,0.65632,0.68687,202.5441,43,91.61719,35, 30
v0000031_seg, 61.3125,0.64172,0.75694, 208.789,40,88.92361,38, 31
v0000031_seg, 69.1875,0.65708,0.78846,220.6179,39,89.96622,51, 32
v0000031_seg,   42.75, 0.5973,0.84444,197.0395,44,116.9032,54, 33
v0000031_seg,   42.75,0.72671,0.86364,213.9868,37,103.9435,46, 34
v0000031_seg, 66.9375, 0.7029,0.76282,214.7899,44,89.91892,33, 35
v0000031_seg, 48.9375,0.60696,0.87879,220.3563,46,64.59375,29, 36
v0000031_seg,    76.5, 0.5736,0.69744,212.9926,46, 119.125,50, 37
v0000031_seg,   47.25,0.84834,0.69421,140.5238,47,91.34559,23, 38
v0000031_seg, 56.8125,0.70122,0.77692, 207.198,44,61.57857,25, 39
v0000031_seg,  39.375,0.61867,  0.875,156.9429,42,  91.375,35, 40
v0000031_seg, 42.1875,0.58529,0.75758,159.8133,41,69.17188,22, 41
v0000031_seg, 56.8125,0.72234,0.77692,153.5545,47,86.19286,41, 42
v0000031_seg,      54,  0.691,    0.8, 194.375,46,107.6691,45, 43
v0000031_seg, 20.8125,0.69601, 0.7551,199.2973,33,93.64423,37, 44
v0000031_seg, 48.9375,0.66246,  0.725,154.0345,46,79.54412,28, 45
v0000031_seg,   78.75,0.75495,0.66667,198.6071,48,95.71951,56, 46
v0000031_seg, 36.5625,0.78849,0.84416,216.5231,40,86.45833,36, 47
v0000031_seg,  37.125,0.66985,  0.825,209.6667,39,121.3083,50, 48
v0000031_seg, 59.0625,0.71686,0.80769,206.3524,46,153.8429,53, 49
v0000031_seg, 28.6875,0.79679,   0.85,191.1176,38,77.49107,46, 50
v0000031_seg,    40.5,0.37881,   0.72,158.9583,49,74.57031,25, 51
v0000031_seg, 64.6875,0.63175, 0.8042,212.9304,47,111.8767,43, 52
v0000031_seg, 44.4375,0.49344,   0.79, 185.962,37,103.3359,37, 53
v0000031_seg,   51.75,0.81472,0.73016,  165.25,50,74.26429,31, 54
v0000031_seg,    49.5,0.73722,0.73333,204.3636,43,115.2279,53, 55
v0000031_seg, 29.8125,0.90137,0.88333,147.0943,45,64.94828,23, 56
v0000031_seg, 57.9375,0.65885,0.71528,180.8641,51,70.68056,34, 57
v0000031_seg, 29.8125,0.83833, 0.6625,180.5094,49,78.53333,50, 58
v0000031_seg,   51.75,0.71779,0.76667,204.1739,47,83.57353,52, 59
v0000031_seg, 44.4375,0.81356,0.71818,177.5949,46,98.31061,47, 60
v0000031_seg, 42.1875,0.61195,0.83333,108.3067,53,70.17742,37, 61
v0000031_seg,      45,0.54787,0.80808,140.0875,48,63.71094,40, 62
v0000031_seg, 64.6875, 0.7301,0.68047,111.3913,37,73.35526,23, 63
v0000031_seg,    76.5,0.69427,0.75556,222.9706,38,107.5321,39, 64
v0000031_seg, 50.0625,0.75093,0.80909,170.8989,45,80.88636,25, 65
v0000031_seg,      27,0.57419,   0.75,155.7708,47,89.44643,34, 66
v0000031_seg, 57.9375,0.85075,0.66883, 170.699,44,99.41892,36, 67
v0000031_seg,  52.875,0.67344,0.87037,121.9149,52,66.22727,36, 68
v0000031_seg,  37.125,0.55975,  0.825,176.2727,45,82.81667,35, 69
v0000031_seg, 89.4375,0.60532,0.81538,223.2642,47,   96.75,36, 70
v0000031_seg, 35.4375,0.82911,0.81818,172.8889,45,56.84167,22, 71
v0000031_seg, 43.3125,0.85998,0.78571,181.2078,42,84.81818,31, 72
v0000031_seg,   60.75,0.77425,0.77143,216.0463,36,122.9722,48, 73
v0000031_seg, 57.9375,0.78726,0.81746,184.7379,46,72.39286,47, 74
v0000031_seg, 62.4375,0.59558,0.77622,210.6486,40,98.13889,55, 75
v0000031_seg, 65.8125,0.81243,0.69231,     226,40,100.9605,51, 76
v0000031_seg,114.1875, 0.4184,0.70242,217.3251,44,103.0272,53, 77
v0000031_seg, 47.8125,0.70641,0.65385,206.9765,40,87.87857,35, 78
v0000031_seg,  37.125,0.90491,0.78571,183.6818,48,97.74219,43, 79
v0000031_seg,      36,0.34479,0.79012,168.1094,45,   74.55,27, 80
v0000031_seg,  61.875,0.81362,0.73333,225.5636,38,106.2483,43, 81
v0000031_seg, 72.5625,  0.767,0.70879,156.8217,47,87.70513,53, 82
v0000031_seg, 34.3125,0.42166,0.84722,186.5902,41,80.43966,36, 83
v0000031_seg, 30.9375, 0.8001,0.78571,   178.4,44,81.25862,31, 84
v0000031_seg,  39.375,0.73455,0.77778,   162.8,46,68.56452,28, 85
v0000031_seg, 43.3125,0.76786,    0.7,171.8961,51,83.04545,33, 86
v0000031_seg,    40.5,0.81827,0.65455,132.5417,41,57.29545,20, 87
v0000031_seg,   51.75,0.52707,0.76667, 180.163,49,51.63971,32, 88
v0000031_seg,  46.125,0.83736,0.75926,198.5122,43,    75.5,29, 89
v0000031_seg,  39.375,0.62492,0.77778,214.8429,36,80.20968,36, 90
v0000031_seg,   29.25,0.62326, 0.8254,178.8846,40,98.09821,36, 91
v0000031_seg, 62.4375,0.49755,0.84091,191.2613,50,45.57857,23, 92
v0000031_seg, 68.0625, 0.5654,0.77564,     198,59,44.43243,30, 93
v0000031_seg,  52.875,0.68592,0.87037,168.2766,51,45.19697,19, 94
v0000031_seg, 57.9375,0.83126,0.73571,210.5534,47,85.94444,51, 95
v0000031_seg,    40.5,0.74573,0.72727,183.7639,46,74.34375,24, 96
v0000031_seg,    40.5,0.87575,0.69231,194.9444,41,82.69697,57, 97
v0000031_seg, 39.9375,0.60966, 0.8875,202.1408,39,  78.875,36, 98
v0000031_seg,   38.25,0.61307,0.75556,184.7059,46,75.80645,30, 99
v0000031_seg,  48.375,0.63174,   0.86,     177,48,70.40625,32,100
v0000031_seg, 27.5625, 0.6601,  0.875,150.5102,41,64.93519,25,101
v0000031_seg,      36,0.70639,   0.64,137.9688,27,71.40625,33,102
v0000031_seg, 37.6875,0.79022,0.76136,165.6418,45,72.96774,28,103
v0000031_seg,  52.875,0.57742,0.78333,207.7021,44, 81.0146,35,104
v0000031_seg,  59.625,0.71644,0.81538,182.4245,51,79.27143,39,105
v0000031_seg,   42.75,0.58304,0.84444,163.1711,43,71.31452,35,106
v0000031_seg,    40.5,0.58128,    0.8,167.0972,43,63.77419,26,107
v0000031_seg, 38.8125,0.65779,0.78409, 204.913,45,78.73387,28,108
v0000031_seg, 42.1875,0.83794,0.82418,182.9333,42,59.47656,62,109
v0000031_seg,  39.375,  0.825,0.70707,122.9857,50,59.70312,22,110
v0000031_seg, 60.1875,0.53023,0.69481,178.2804,64,61.23649,50,111
v0000032_seg, 27.5625,0.59346,0.76562,139.1837,48,83.82143,26, 1
v0000032_seg, 45.5625, 0.7786,0.84375,210.4444,46,87.74219,32, 2
v0000032_seg,      45,0.74914,0.74074,194.3625,43,92.56061,39, 3
v0000032_seg, 36.5625,0.69278,0.72222,   186.2,47,105.1371,41, 4
v0000032_seg, 34.3125,0.57011,0.84722,187.2951,43,52.55085,22, 5
v0000032_seg,      63,0.40452,0.77778,201.7679,54,62.29167,24, 6
v0000032_seg,   29.25,0.85004,0.64198,142.5192,51,57.31667,22, 7
v0000032_seg, 28.6875,0.72361,0.94444, 169.549,47,97.61111,45, 8
v0000032_seg,  52.875,0.47282,0.71212,204.8936,63,69.60714,64, 9
v0000032_seg, 32.0625, 0.8553,0.63333,186.9298,52,61.94355,26,10
v0000032_seg, 34.3125,0.41076,0.84722,192.1967,38,82.18966,32,11
v0000032_seg,  48.375,0.78859,0.71074,141.3256,46,73.96324,31,12
v0000032_seg,  68.625,0.50838,0.78205,201.7705,51,64.81757,35,13
v0000032_seg,  41.625,0.59182,0.74747,108.2973,56,66.17188,30,14
v0000032_seg, 73.6875,0.49712,0.77515,184.5267,48,81.02632,49,15
v0000032_seg,   42.75,0.82222,0.73077,199.5395,39,79.93182,28,16
v0000032_seg, 51.1875, 0.8272,0.77778,190.7912,44,72.84559,43,17
v0000032_seg, 42.1875,0.62623,0.83333,  194.04,47,79.18548,47,18
v0000032_seg,115.3125,0.86278,0.64062,94.41951,41,50.99479,18,19
v0000032_seg, 30.9375,0.78753,0.71429,185.1091,45,85.09167,35,20
v0000032_seg, 47.8125,0.87451,0.86735,193.3176,44,106.1591,53,21
v0000032_seg, 35.4375,0.51676, 0.7875,169.3333,42,69.35833,30,22
v0000032_seg,  25.875, 0.4969,0.82143,182.9565,41,84.56481,36,23
v0000032_seg, 38.8125,0.66874,0.78409, 209.058,41,107.7742,50,24
v0000032_seg, 61.3125,0.83609,0.69872,206.8349,41,99.43919,49,25
v0000032_seg,  68.625,0.48573,0.72189,116.4262,50,64.94079,34,26
v0000032_seg, 37.6875,0.65117,0.82716,177.7463,41,66.00833,41,27
v0000032_seg,   42.75,0.39406,0.84444,134.7368,51,76.46774,35,28
v0000032_seg,  68.625,0.53177,0.67033,178.8197,50,69.32051,28,29
v0000032_seg,  32.625,0.71254,0.82857,126.6207,36,57.24138,21,30
v0000032_seg, 61.3125,0.85823,0.70779,197.3394,51,111.3581,51,31
v0000032_seg,  34.875,0.71016,0.88571,194.9032,46, 90.0431,33,32
v0000032_seg,  70.875,0.91408,    0.7,     191,47,91.97561,46,33
v0000032_seg, 59.0625,0.64323,0.80769,214.7048,36,69.45714,28,34
v0000032_seg,  59.625,0.76661,0.70667,211.1981,43,86.56757,29,35
v0000032_seg, 38.8125,0.61709,0.76667,123.1304,43,72.45161,27,36
v0000032_seg, 25.3125,0.57444,0.80357,156.8667,51,75.34259,31,37
v0000032_seg, 90.5625,0.67098,0.72851, 204.441,47,104.6012,53,38
v0000032_seg,   60.75,0.85256,   0.75,213.1204,42,94.28667,56,39
v0000032_seg,      54,0.44479,0.87273,165.8646,44,72.65909,34,40
v0000032_seg,    31.5, 0.8488,0.63636,165.9107,42,85.02419,54,41
v0000032_seg, 28.6875,0.71143,0.80952,176.8824,46,85.58929,29,42
v0000032_seg, 60.1875,0.69944,0.69481,213.5047,40,107.0878,47,43
v0000032_seg, 25.3125,0.74797,0.71429,184.4667,49,75.84821,38,44
v0000032_seg, 36.5625,0.62017, 0.8125,131.1538,44,   46.75,22,45
v0000032_seg,  48.375,0.51087,0.78182,120.8953,50,45.13636,26,46
v0000032_seg, 19.6875,0.54189,0.83333,146.4286,43,   90.84,38,47
v0000032_seg,      45,  0.615,    0.8,   212.7,45,110.9219,39,48
v0000032_seg, 36.5625,0.86834,0.67708,157.2462,52,82.78125,32,49
v0000032_seg, 62.4375,0.54736,0.77622,184.0631,46,   73.25,32,50
v0000032_seg, 47.8125,0.17135,   0.85,152.7176,49,56.28125,36,51
v0000032_seg,    40.5, 0.7554,0.81818,176.5833,49,72.40323,35,52
v0000032_seg,      45,0.47633,0.72727,   141.1,48,59.02273,25,53
v0000032_seg,  41.625,0.51683,   0.74,183.8919,44,82.57031,49,54
v0000032_seg,  52.875,0.65367,0.78333,183.8511,46,51.26471,14,55
v0000032_seg,      54,0.68301,0.72727,179.1042,45,80.75714,44,56
v0000032_seg, 47.8125,0.76599, 0.7265,134.0588,52,56.34559,28,57
v0000032_seg, 39.9375,0.75102,0.80682,157.2254,43,67.81452,33,58
v0000032_seg,  37.125,0.54202,0.81481,156.1818,49,59.28333,25,59
v0000032_seg,   24.75,0.42399,0.78571,180.3409,43,78.89815,28,60
v0000032_seg, 21.9375,0.87034,   0.65,139.0513,46,64.77679,20,61
v0000032_seg, 28.6875, 0.7358,0.70833,158.1765,45, 85.9569,53,62
v0000032_seg, 39.9375,0.59674, 0.8875,91.70423,53,49.63333,27,63
v0000032_seg,      36,0.67533,    0.8,157.2031,49,  82.775,32,64
v0000032_seg, 39.9375,0.39447,0.87654,175.5352,49,44.14167,21,65
v0000032_seg, 62.4375,0.85054, 0.6568,151.5225,50,65.27632,32,66
v0000032_seg,    22.5,0.30675,0.81633,   145.4,49,51.07692,25,67
v0000032_seg, 39.9375,0.59664,0.78889,     137,54,51.49194,19,68
v0000032_seg, 53.4375,0.61125,0.79167,176.8947,49,49.67647,18,69
v0000032_seg,   33.75,0.64186,0.83333,   148.6,47,52.48276,20,70
v0000032_seg,    49.5, 0.7962,0.84615,179.6364,47, 58.4697,28,71
v0000032_seg,  34.875,0.64105,  0.775,158.0484,46,71.68333,57,72
v0000032_seg, 38.8125,0.88825,0.88462,149.5507,47,61.52419,25,73
v0000032_seg, 48.9375,0.65922,  0.725,184.6552,54,64.81618,30,74
v0000032_seg,    31.5,0.87854,0.63636,  166.75,47,72.45161,27,75
v0000032_seg, 57.9375,0.52924,0.85833,151.8058,50,39.04412,15,76
v0000032_seg,  30.375,0.48393,0.96429,139.0741,45,      73,23,77
v0000032_seg,   87.75,0.61252, 0.8125,170.9295,55,55.05625,38,78
v0000032_seg,  48.375, 0.7467, 0.7963,181.9884,53,84.31818,51,79
v0000032_seg, 41.0625, 0.8914,0.65179,161.8219,46,100.0588,41,80
v0000032_seg, 79.3125,  0.587,0.78333,227.3333,34,157.3125,42,81
v0000032_seg, 54.5625,0.35561,0.88182,191.7629,48,81.88636,39,82
v0000032_seg, 32.0625,0.45423,0.79167,153.4211,47,75.49138,32,83
v0000032_seg,    40.5,0.84303,0.79121,135.8889,49,73.66406,35,84
v0000032_seg,   47.25,0.72383,0.77778,196.1548,40,114.5152,41,85
v0000032_seg,      36,0.78978, 0.7619,123.8438,49,61.20968,26,86
v0000032_seg,  77.625,0.30307,0.81657,205.9058,46,94.75658,46,87
v0000032_seg,  48.375, 0.6794,0.73504,200.4302,48,83.11765,33,88
v0000032_seg,  39.375,0.85716,0.76923,136.8429,54,73.48438,31,89
v0000032_seg, 66.9375,0.76884,0.79333, 208.521,43, 76.2973,34,90
v0000032_seg,  48.375,0.49657,0.78182,197.6279,46,64.61364,20,91
v0000032_seg, 27.5625,0.77803,0.77778,176.2245,52,  75.875,36,92
v0000032_seg,   42.75,0.85236, 0.7037,142.3026,49,76.34091,34,93
v0000032_seg, 43.3125,0.51719,0.77778,198.8961,37,87.28125,36,94
v0000033_seg,35.4375,0.69785,    0.9,185.1111,42,85.22414,45, 1
v0000033_seg,  33.75,0.31373,0.74074,170.6333,43,86.61667,34, 2
v0000033_seg,65.8125,0.78743,0.69231,205.2308,50,59.27632,24, 3
v0000033_seg,54.5625,0.63282,0.80833, 186.299,46,52.83088,35, 4
v0000033_seg,     36,0.87405,   0.64,   185.5,45,   82.75,31, 5
v0000033_seg,37.6875,0.81449,0.69792,162.9851,50,64.71094,32, 6
v0000033_seg,  33.75,0.67918,   0.75,113.9833,51,54.78333,32, 7
v0000033_seg,28.6875,0.61639,0.80952,94.78431,45,34.21429,17, 8
v0000033_seg, 34.875,0.71823,0.88571,119.9839,32,56.69828,21, 9
v0000033_seg,28.6875, 0.6285,0.79688,111.2745,40,57.49107,23,10
v0000033_seg,33.1875,0.89951,0.81944,148.5932,48,65.03306,30,11
v0000033_seg,   58.5,0.79486,0.74286,120.1058,36,63.80822,20,12
v0000033_seg,32.0625,0.66359,0.90476,133.8596,47,53.15179,27,13
v0000033_seg,  42.75,0.49634,0.84444,165.5921,47,46.12097,27,14
v0000033_seg,     90,0.70679,0.71111,160.0687,50,81.34524,56,15
v0000033_seg, 70.875,0.44587,0.80769,208.8968,49,77.14865,57,16
v0000033_seg,  29.25,0.60034,0.92857,178.3462,46,64.84259,23,17
v0000033_seg,37.6875,0.61228,0.74444,135.0746,48,67.99194,22,18
v0000033_seg,  33.75,0.78876,0.68182,  188.55,53,82.20968,36,19
v0000033_seg,53.4375, 0.2928,0.78512,157.8421,51,63.98529,23,20
v0000033_seg,48.9375,0.68405,0.80556,200.2414,49,71.69697,50,21
v0000033_seg, 48.375,0.76221,0.71667,200.7093,47,85.51471,41,22
v0000033_seg,48.9375,0.80322,0.65909,183.5862,54,45.63571,26,23
v0000033_seg, 70.875,0.70339,0.76364,167.8175,48,50.77632,18,24
v0000033_seg,  42.75,0.70086,   0.76,179.3816,50,  59.125,25,25
v0000033_seg,48.9375,0.76036,0.74359,196.1954,41,80.44853,49,26
v0000033_seg,62.4375,0.56592,0.77622, 189.009,49,80.03472,38,27
v0000033_seg,48.9375,0.42473,   0.87,203.1379,42,63.72656,22,28
v0000033_seg,  65.25,0.83255,0.70303,209.2845,44,114.2237,52,29
v0000033_seg,   22.5,0.73409,0.83333, 163.725,43,93.22115,29,30
v0000033_seg,48.9375,0.70832,0.74359,155.4483,55,56.84559,31,31
v0000033_seg,56.8125,0.44001,0.83471, 192.495,51,65.16912,52,32
v0000033_seg,46.6875,0.81956,0.79808,190.6024,47,70.47727,44,33
v0000033_seg, 39.375,0.40098, 0.8642,154.1143,46,69.73333,22,34
v0000033_seg, 34.875,0.63208,  0.775,141.6129,50,41.30833,19,35
v0000033_seg, 37.125,0.59469,  0.825,134.8939,36,56.14167,27,36
v0000033_seg,26.4375,0.74068,0.87037,167.4468,50,60.39815,21,37
v0000033_seg,20.8125,0.58174,0.88095,106.8378,52,   68.45,28,38
v0000033_seg, 43.875,0.74608, 0.8125,196.7949,45,    72.5,35,39
v0000033_seg,38.8125, 0.6014, 0.8625,94.31884,32,47.34167,15,40
v0000033_seg,39.9375,0.89061,0.91026,155.6197,49,94.81452,47,41
v0000033_seg,30.9375,0.87123,0.76389,173.4182,42,  84.125,37,42
v0000033_seg, 66.375,0.45959,0.82517,193.3644,44,85.04167,37,43
v0000033_seg,37.6875,0.61683, 0.8375,169.9552,46,   59.25,20,44
v0000033_seg,41.0625,0.63624,0.81111,148.2877,46,63.24194,25,45
v0000033_seg, 30.375,0.66439,   0.75,154.6296,44, 77.2931,28,46
v0000033_seg, 52.875,0.73337,0.65734, 178.883,45,61.89583,24,47
v0000033_seg, 48.375,0.64795, 0.7963,122.2326,46,53.04545,34,48
v0000033_seg,62.4375,0.31149,0.84091,185.3423,47,76.89286,49,49
v0000033_seg,     36,0.85345, 0.7033,196.4688,50,   89.25,46,50
v0000033_seg,51.1875,0.67112,0.75833, 164.022,47,75.31618,52,51
v0000033_seg,   49.5,0.83058,0.78571,151.6136,48,69.11765,27,52
v0000033_seg,28.6875,0.71038,0.80952,174.7647,44,105.5714,40,53
v0000033_seg,30.9375,0.80141,0.76389,150.4545,48,71.12069,31,54
v0000033_seg,     36, 0.6221,    0.8,188.3281,49,92.74167,32,55
v0000033_seg,39.9375,0.87972,0.64545,195.6761,43,81.89394,30,56
v0000033_seg, 21.375,0.85941,0.67857,183.8684,44,100.8704,40,57
v0000033_seg,48.9375,0.84337,0.69048,165.6322,54,58.41429,25,58
v0000033_seg,50.0625,0.43058,0.80909,214.8989,32,133.9394,44,59
v0000033_seg,51.1875,0.84861,   0.65, 131.989,53, 67.9375,26,60
v0000033_seg,38.8125,0.80903,0.69697,192.8261,41,139.8047,40,61
v0000033_seg,24.1875,0.50957,0.76786,192.5116,52, 98.2037,35,62
v0000033_seg,50.0625, 0.7628,0.73554,157.7191,48,56.92647,18,63
v0000033_seg, 25.875,0.77936,0.85185,183.3043,44,120.1759,43,64
v0000033_seg,51.1875,0.72627,0.77778,203.5055,46,   103.5,53,65
v0000033_seg,53.4375,0.89234,0.60897,   156.8,42,90.95946,36,66
v0000033_seg,28.6875,0.67782,0.80952,163.6275,44,71.49107,55,67
v0000033_seg,45.5625,0.74863,0.73636,104.3951,53,48.47727,21,68
v0000033_seg,62.4375,0.44585,0.77083,199.2703,47,44.53472,20,69
v0000033_seg, 43.875,0.60403,0.78788,116.8974,50,71.67188,22,70
v0000033_seg,28.6875,0.83491,0.70833,153.2157,45,80.10345,35,71
v0000033_seg, 52.875, 0.6408,0.71212,203.7553,46,76.93571,37,72
v0000033_seg,44.4375,0.74941,0.71818,193.4557,49,68.80303,27,73
v0000033_seg,37.6875,0.72679,0.74444,162.8955,50,54.74194,21,74
v0000033_seg, 32.625,0.77976,0.71605, 153.069,48,  84.375,38,75
v0000033_seg,39.9375,0.46262,0.78889, 193.831,49,95.54032,54,76
v0000033_seg,  42.75, 0.7738,0.69091,195.2895,43,119.1439,52,77
v0000033_seg,26.4375,0.81717,0.74603,177.2979,42, 75.9375,26,78
v0000046_seg, 46.125,0.64618,0.82828,198.4878,41,88.40152,35, 1
v0000046_seg, 30.375,0.47794,0.84375,114.2037,44,61.94643,22, 2
v0000046_seg,24.1875,0.82839,0.71667,130.3953,45,62.97321,25, 3
v0000046_seg,   58.5,0.78216, 0.8254,203.9904,37,119.0429,49, 4
v0000046_seg,61.3125,0.72789,0.75694,176.1468,42,77.23611,30, 5
v0000046_seg,46.6875,0.86852,0.62879,191.7711,44,91.62857,37, 6
v0000046_seg,42.1875, 0.6884,0.75758,  144.96,49,55.17969,24, 7
v0000046_seg,19.6875,0.78425,  0.875,148.4857,49,   74.31,27, 8
v0000046_seg,60.1875,0.83221,0.69481,143.9159,46,72.68243,37, 9
v0000046_seg,50.0625,0.47417,0.80909,188.4831,47, 69.2197,33,10
v0000046_seg, 37.125, 0.7886,   0.66, 193.697,39,98.82031,32,11
v0000046_seg, 59.625,0.77605,0.70667,186.1038,48,52.65541,29,12
v0000046_seg,38.8125,0.55679,0.76667,154.0145,41,78.31452,29,13
v0000046_seg, 34.875,0.79325,  0.775,172.0645,43,   84.15,35,14
v0000046_seg,41.0625,0.79381,0.76042,151.5616,46,100.7812,31,15
v0000046_seg,84.9375,0.51632,0.77436,197.3841,47,66.96914,41,16
v0000046_seg, 23.625, 0.7034,   0.75,182.8571,39,100.8241,36,17
v0000046_seg,25.3125,0.79268,0.83333,136.2667,47,67.12037,24,18
v0000046_seg, 30.375,0.65358,  0.675,205.4259,35,121.7083,37,19
v0000046_seg,28.6875,0.83973,   0.85,158.7451,41,89.70536,39,20
v0000046_seg,65.8125,0.75307,   0.75,183.2906,48,71.35135,41,21
v0000046_seg,  33.75, 0.8814,0.83333,   139.5,40,70.25833,23,22
v0000046_seg,     72,0.67529, 0.7619,209.0234,51,57.78289,48,23
v0000046_seg,  33.75,0.52327,0.83333,171.6667,39,110.4741,50,24
v0000046_seg,44.4375,0.52333,0.87778,202.4304,46,69.90323,30,25
v0000046_seg,59.0625,0.67035,0.79545,208.0857,38,    68.9,35,26
v0000046_seg,19.6875,0.59572,0.83333,104.0286,46,   52.64,15,27
v0000046_seg,     72,0.31814, 0.7574,201.3828,48,74.97368,37,28
v0000046_seg,  38.25,0.85272,0.61818,181.4559,47,86.83333,41,29
v0000046_seg,   40.5, 0.8012,   0.72,174.2222,51,79.11719,36,30
v0000046_seg,  42.75,0.49078,0.84444,198.5132,39,69.03226,31,31
v0000046_seg,21.9375,0.71894,0.69643,181.1026,46,90.13889,41,32
v0000046_seg,28.6875,0.81255,   0.85,183.4902,42, 88.3125,27,33
v0000046_seg, 50.625,0.74872,0.76923,   201.2,42,70.27206,43,34
v0000046_seg,54.5625,0.71213,0.82906,198.3505,46,39.22059,17,35
v0000046_seg,  42.75,0.41555,   0.76,194.4211,47,77.79688,40,36
v0000046_seg,72.5625,0.77896,0.66154,211.4884,45,93.71875,56,37
v0000046_seg, 39.375,0.76527,0.77778,220.2714,35,152.0081,42,38
v0000046_seg,14.0625,      0,      1,  157.48,55,47.21591,35,39
v0000046_seg,50.0625,0.58623,0.80909,157.6404,47,55.86364,28,40
v0000046_seg,41.0625,0.50025,0.81111,127.6164,51,85.52419,30,41
v0000046_seg, 25.875,0.58942,0.82143, 149.413,45,65.01852,24,42
v0000046_seg,44.4375,0.82315,0.75962,154.6456,51,43.75758,17,43
v0000046_seg,25.3125,0.76609,0.70312,155.6444,55,41.90179,28,44
v0000046_seg,32.0625,0.59479,0.79167,182.7193,44,55.47414,21,45
v0000046_seg,56.8125,0.86061,0.70139,203.2574,47,78.22297,30,46
v0000046_seg,32.0625,0.54205,0.79167,124.4211,53,64.47414,45,47
v0000046_seg, 39.375,0.45322,0.77778,164.9429,41,56.12903,32,48
v0000046_seg,53.4375, 0.5083,0.86364,91.37895,31,55.01515,34,49
v0000046_seg,  29.25,0.82707,0.86667,158.3077,43,111.9911,46,50
v0000046_seg,  78.75,0.56139,0.83333,193.2714,42,107.7829,52,51
v0000046_seg,  51.75,0.58309,0.64336,159.1739,54,64.83333,43,52
v0000046_seg, 61.875,0.68063,0.71429,141.3545,42,54.63514,23,53
v0000046_seg,  24.75, 0.7012,0.78571,172.5682,45,116.2963,53,54
v0000046_seg,77.0625,0.63081,0.65865,188.3285,43, 99.7622,53,55
v0000046_seg,61.3125,0.88342,0.80147,197.1651,46,79.88514,58,56
v0000046_seg,     45,0.69627,    0.8,140.8625,47,47.07031,58,57
v0000046_seg,63.5625, 0.6641,0.73377,204.1504,42,98.50676,51,58
v0000046_seg,   22.5,0.73068,0.71429, 141.075,48,82.84259,39,59
v0000046_seg,53.4375,0.75018,0.79167,216.8316,37,82.42647,48,60
v0000046_seg,41.0625,0.70862,0.73737,189.1781,38, 98.0625,27,61
v0000046_seg,51.1875,0.62972,0.84259,116.1868,52,48.36364,17,62
v0000046_seg,53.4375, 0.9205,0.57576,188.3579,47,109.1382,49,63
v0000046_seg,34.3125,0.67669, 0.7625,123.4754,53,51.84553,26,64
v0000046_seg, 52.875,  0.528,0.85455,187.2979,50,69.93182,42,65
v0000046_seg, 34.875,0.75536,  0.775,190.8226,43,117.7583,54,66
v0000046_seg,35.4375,0.80576,0.81818, 148.619,42,86.71667,44,67
v0000046_seg,51.1875,  0.789,0.63636,149.6593,46,86.35417,37,68
v0000047_seg,52.3125,0.42088,0.70455,195.7957,45,    64.9,25, 1
v0000047_seg,  29.25,0.86607,0.78788,184.5385,42,106.4655,55, 2
v0000047_seg,   58.5,0.46814, 0.8595,166.4904,48,46.15441,21, 3
v0000047_seg,62.4375,0.56113,0.72078,199.0991,44,98.91892,55, 4
v0000047_seg,42.1875,0.42456,0.75758,195.5467,55,52.25781,36, 5
v0000047_seg,   40.5,0.59413,   0.72,182.6806,64, 43.4375,26, 6
v0000047_seg,34.3125,0.70892,0.75309, 199.459,47,111.1333,53, 7
v0000047_seg,29.8125,0.62196,0.84127, 166.434,48,84.41964,34, 8
v0000047_seg,48.9375,0.79395,0.83654,201.4023,44,85.78788,45, 9
v0000047_seg,44.4375,0.71483,   0.79,194.5316,40,102.0234,38,10
v0000047_seg,39.9375,0.74239,0.65741,189.3239,41, 90.2197,42,11
v0000047_seg, 23.625,0.45563,0.85714,140.8095,47,56.96154,17,12
v0000047_seg,53.4375,0.24493,0.78512,153.8632,50,   63.25,24,13
v0000047_seg,   31.5, 0.7395,0.72727,   124.5,40,78.85833,29,14
v0000047_seg,  42.75,0.81684, 0.7037,187.1711,49,89.17424,55,15
v0000047_seg,  29.25,0.66456, 0.8254,  146.75,42,93.46429,29,16
v0000047_seg,25.3125,0.53962,0.80357,178.5111,41,72.38889,24,17
v0000047_seg, 57.375,0.60669,0.78462,206.7843,46,     104,53,18
v0000047_seg,91.6875,0.64574,0.77619,155.0613,44,89.09146,35,19
v0000047_seg,  42.75,0.62899,0.84444,189.6579,49,63.59677,23,20
v0000047_seg, 52.875,0.66268,0.78333,201.8191,53,73.05882,39,21
v0000047_seg, 23.625,0.67595,  0.875,177.5714,38,90.80769,30,22
v0000047_seg, 23.625,0.78237,0.77778,180.7381,38,94.31481,26,23
v0000047_seg, 41.625,0.72047,0.84091,157.9595,42,106.4677,45,24
v0000047_seg, 37.125,0.80196,0.85714,160.1818,43,69.49167,25,25
v0000047_seg,23.0625,0.89542,   0.82,129.0976,48,64.15741,21,26
v0000047_seg, 59.625,0.73968,0.60227,197.8113,42,88.41667,32,27
v0000047_seg,37.6875,0.81167,0.76136,196.0149,43,124.2258,48,28
v0000047_seg,  51.75,0.81905,0.73016,201.8804,48,101.0429,53,29
v0000047_seg,  65.25, 0.6777,0.75325,218.0517,39,102.3986,53,30
v0000047_seg, 39.375,0.68855,0.77778,169.4857,45,85.22581,27,31
v0000047_seg,54.5625,0.66543,0.80833,193.6598,49,81.33088,25,32
v0000047_seg,   40.5,0.57509,   0.72,214.1528,39,118.7266,50,33
v0000047_seg, 55.125,0.84367,0.68531,201.8776,42,110.3542,47,34
v0000047_seg,71.4375,0.51766, 0.8141,186.2283,51,68.81081,29,35
v0000047_seg,74.8125,0.75284,0.80606,215.0602,42,112.6118,36,36
v0000047_seg,66.9375,0.70628,0.61026,222.1176,40,138.5875,53,37
v0000047_seg, 66.375,0.69777,0.71515,200.3729,51,  79.625,41,38
v0000047_seg, 46.125,0.68236,0.82828,204.8293,41,96.75781,34,39
v0000047_seg, 50.625,0.62002, 0.7438,201.3889,48,69.05147,64,40
v0000047_seg,30.9375,0.68364, 0.6875,183.1818,43,75.18333,31,41
v0000047_seg, 25.875,0.83948,0.76667,   180.5,42,107.6161,28,42
v0000047_seg,60.1875,0.73761,0.69481,186.8037,50,71.81757,33,43
v0000047_seg, 43.875,0.54046,0.78788,199.0641,38,68.72656,24,44
v0000047_seg,37.6875,0.74529,0.76136,209.5522,44,114.9032,46,45
v0000047_seg, 59.625,0.63473,0.81538,161.9906,47,72.00714,25,46
v0000047_seg,20.8125,0.88094,0.68519,160.5946,41,79.61111,38,47
v0000047_seg,     27,0.78761,0.88889,190.4375,43,73.75926,45,48
v0000047_seg,  47.25,0.90465,0.58333,215.9762,36,107.5972,54,49
v0000047_seg,36.5625,0.81498,0.73864,178.6769,42,85.37097,34,50
v0000047_seg,  51.75, 0.8925,0.64336,177.2065,49,67.17361,37,51
v0000047_seg,74.8125,0.56488,0.79167,146.2857,52,43.69737,38,52
v0000047_seg, 50.625,0.58225, 0.7438,185.7222,45,61.22059,19,53
v0000047_seg,21.9375,0.42015,0.79592,141.7949,49,      63,23,54
v0000047_seg,   22.5,0.75079,0.83333,  203.45,50, 123.875,58,55
v0000047_seg,21.9375, 0.7103, 0.8125,147.9744,45,75.05769,46,56
v0000047_seg,   31.5,0.74616,    0.8,205.2857,42,88.18103,33,57
v0000047_seg,     63,0.77091,0.66667,183.8304,55,39.34868,21,58
v0000047_seg,   31.5,0.87721,0.63636, 143.625,52,57.70968,39,59
v0000047_seg,  24.75,0.73331,0.78571,179.6364,39,84.52778,39,60
v0000047_seg,  38.25,0.89234,0.62963,184.0735,52,66.35606,42,61
v0000047_seg, 88.875, 0.8135,0.75598,159.7911,47,100.1964,52,62
v0000047_seg, 41.625, 0.7909,   0.74,173.8784,49,79.42969,26,63
v0000047_seg, 21.375, 0.5233,0.90476,104.2895,53,   46.17,15,64
v0000047_seg,     27,0.46249,0.85714,102.6458,41,51.34259,18,65
v0000047_seg,34.3125,0.79481,0.75309,189.1311,41,96.84167,33,66
v0000047_seg,     54,0.56476,0.72727,205.0104,40,    90.3,45,67
v0000047_seg,     18,0.46322,0.88889,129.0625,46,62.20833,19,68
v0000047_seg,32.0625,0.68766,0.79167,140.5965,49,50.01724,21,69
v0000047_seg, 43.875,0.58315,0.78788,190.4615,48,78.60938,55,70
v0000047_seg,61.3125,0.67275,0.70779,172.0734,54,56.33108,30,71
v0000047_seg,  60.75,0.73187,0.77143,197.3796,49,64.57639,26,72
v0000047_seg,     27,0.51975,0.85714,179.7083,41,80.42593,43,73
v0000047_seg, 32.625,0.61911,0.92063,106.3103,33,      58,19,74
v0000047_seg, 43.875,0.71303,0.78788,213.6795,45,79.17188,27,75
v0000047_seg, 46.125,0.82065,0.67769,192.0244,52,51.47794,34,76
v0000048_seg,  70.875,0.38956,0.80769,209.1111,42,94.69595,55,  1
v0000048_seg, 69.1875,0.77269,0.69886,210.4797,47,69.37821,53,  2
v0000048_seg,  57.375,0.68724,0.77273,189.2157,47,    69.1,29,  3
v0000048_seg,  79.875,0.81976,0.67619,221.3169,44,123.3293,55,  4
v0000048_seg,   60.75,0.77336,0.77143,205.1944,48,114.9097,47,  5
v0000048_seg, 63.5625,0.81546,0.68485,199.2743,54,55.55921,22,  6
v0000048_seg,  64.125,0.63812,0.73077,198.2456,48,118.0541,53,  7
v0000048_seg,      63,0.58009,0.78322,211.7679,41,89.32639,56,  8
v0000048_seg,  57.375,0.58886,0.77273, 194.951,44,76.97857,28,  9
v0000048_seg,  34.875,0.82784,0.70455,216.0645,32,111.0242,52, 10
v0000048_seg,  39.375,0.86026,0.70707,182.5857,42,99.45312,37, 11
v0000048_seg, 47.8125,0.84546,0.75893,169.9529,41,87.18382,32, 12
v0000048_seg, 75.9375,0.77265,0.70312,218.2667,42,106.9188,54, 13
v0000048_seg,      72,0.61883, 0.7619,212.0703,42,111.4276,52, 14
v0000048_seg, 44.4375,0.81097,0.73148,202.1519,43,109.7879,54, 15
v0000048_seg,    58.5,0.79919,0.74286,209.7885,41,63.09028,46, 16
v0000048_seg, 19.6875,0.71497,0.83333,     186,38,  111.38,49, 17
v0000048_seg, 55.6875,0.86973,   0.66,198.7172,44,85.83108,44, 18
v0000048_seg,  43.875,0.86158,0.85714,217.3462,34,120.9545,51, 19
v0000048_seg, 54.5625,0.88751,0.62987,161.3505,44,84.17568,32, 20
v0000048_seg,   20.25,0.72941,0.73469,162.3333,44,79.66346,38, 21
v0000048_seg, 66.9375,0.85772,0.67614, 195.395,44,115.3462,50, 22
v0000048_seg,  30.375,0.59379,  0.675,206.5185,36,100.7833,37, 23
v0000048_seg, 50.0625,0.81423,0.79464,205.5843,47,88.81618,55, 24
v0000048_seg, 59.0625,0.59418,0.79545,166.8476,42,98.05714,39, 25
v0000048_seg, 47.8125,0.64361,0.78704,179.5529,42,109.0455,36, 26
v0000048_seg,      36,0.71735,0.91429,207.5312,35,101.8017,32, 27
v0000048_seg, 55.6875,0.67818,0.69231,204.4747,43, 94.5625,48, 28
v0000048_seg, 56.8125,0.79187,0.70139,187.5149,45,83.74306,30, 29
v0000048_seg, 73.6875,0.81053,0.70053,211.3969,44,76.79375,56, 30
v0000048_seg, 35.4375,0.88799,   0.75,190.3175,38,84.95968,28, 31
v0000048_seg, 39.9375,0.90472,0.84524,184.3521,44,74.26562,25, 32
v0000048_seg,    67.5,0.62682,0.77922,209.4667,45,  104.25,50, 33
v0000048_seg,  75.375,0.62865,0.73626,209.7537,40,109.0769,52, 34
v0000048_seg, 42.1875,0.58026,0.83333,223.8267,43,127.8065,39, 35
v0000048_seg, 64.6875,0.79915,0.76667,221.4957,40,108.9865,40, 36
v0000048_seg,101.8125,0.56474,0.80804,232.9006,31,124.8988,47, 37
v0000048_seg,  39.375,0.84934,0.72917,180.2429,47,   77.75,26, 38
v0000048_seg, 72.5625,0.80741,0.75882,217.2171,45,103.4151,40, 39
v0000048_seg, 71.4375, 0.5858,0.75595, 227.315,38,130.5526,50, 40
v0000048_seg, 30.9375, 0.2681,0.85938,162.4182,49,82.49107,40, 41
v0000048_seg, 39.9375,0.49083,0.78889,209.3521,41,132.9032,34, 42
v0000048_seg, 96.1875,0.62461, 0.7125,222.6901,48,107.7674,50, 43
v0000048_seg,   51.75,0.81786,0.63889,     185,41,94.60417,39, 44
v0000048_seg, 64.6875,0.71339,0.76667,215.8261,43,126.0405,48, 45
v0000048_seg,   51.75,0.69557,0.78632,174.3152,38,99.01471,32, 46
v0000048_seg, 68.0625,0.31389,0.71598,211.9008,41, 106.098,49, 47
v0000048_seg, 57.9375, 0.5533,0.85833,207.1942,47,115.8824,29, 48
v0000048_seg, 113.625,0.81052,0.73993,208.0644,46,95.22826,36, 49
v0000048_seg, 46.6875,0.81572,0.79808,187.3133,41,106.2273,40, 50
v0000048_seg,  30.375,0.64538,0.84375,194.3889,35,89.65179,32, 51
v0000048_seg,  95.625,0.51862,0.70833,220.0824,38,138.6221,48, 52
v0000048_seg,  30.375,0.58751,0.85714,210.6667,39,  74.875,33, 53
v0000048_seg, 64.6875,0.81594,0.71875,   221.4,32,128.0592,50, 54
v0000048_seg,  48.375,0.75864,0.78182, 169.593,45,114.1667,42, 55
v0000048_seg,  52.875,0.90871,0.55621,172.5213,43,108.8158,43, 56
v0000048_seg,  41.625,0.54811,0.82222,167.7027,41,92.40323,34, 57
v0000048_seg,    85.5,0.29845,0.83516,215.1447,44,112.2308,52, 58
v0000048_seg, 45.5625,0.68313,0.66942,197.3086,49,99.05147,55, 59
v0000048_seg,      54,0.79418, 0.7619,213.9583,43,102.2571,45, 60
v0000048_seg, 86.0625,0.75586,0.70833,206.6405,49,106.7083,46, 61
v0000048_seg, 45.5625,0.73408,0.69231,203.5679,44,124.2206,51, 62
v0000048_seg, 27.5625,0.63422,  0.875,195.4898,34,129.7037,54, 63
v0000048_seg, 38.8125,0.87749,0.75824,171.5217,51,   67.75,27, 64
v0000048_seg, 46.6875,0.64303,0.76852,209.3976,43,109.1515,46, 65
v0000048_seg, 27.5625,0.81772,0.81667,156.1837,45, 76.9375,28, 66
v0000048_seg, 32.0625,0.43635,0.79167,189.4386,46,112.9483,45, 67
v0000048_seg, 43.3125,0.57084,0.85556,219.7013,40,120.2419,49, 68
v0000048_seg, 52.3125,0.89055,0.59615,197.0215,41, 112.527,47, 69
v0000048_seg,      54,0.80457, 0.7619,200.7396,47,90.54286,56, 70
v0000048_seg,  55.125, 0.7446,0.83761,200.1939,45,81.68382,28, 71
v0000048_seg, 79.3125,0.77833,0.80114,206.9433,48,96.40385,33, 72
v0000048_seg,   83.25,0.62193,0.75897,220.2568,49,111.6188,54, 73
v0000048_seg,  59.625,0.90965, 0.6625,188.3962,44,107.9737,35, 74
v0000048_seg,   69.75,0.32369,0.79487,165.8387,46,60.10135,27, 75
v0000048_seg, 79.3125, 0.2701,0.77473,217.4894,53,57.05769,39, 76
v0000048_seg,   42.75,0.71899,0.84444,200.6711,35,122.0565,44, 77
v0000048_seg, 72.5625,0.77592,0.80625,204.2481,46,103.1513,54, 78
v0000048_seg, 41.0625,0.83279,0.66364,80.68493,28,36.84091,10, 79
v0000048_seg,      63,0.79201,0.66667,168.5982,45,90.46711,38, 80
v0000048_seg,   33.75, 0.8036,0.74074,165.3333,41,   75.25,28, 81
v0000048_seg,   65.25,0.80673,0.85926,208.4483,46,96.03448,40, 82
v0000048_seg,    49.5,0.80206,0.84615,173.5455,48,87.68939,32, 83
v0000048_seg,      63,0.83881,0.77778,216.3482,40,105.4189,54, 84
v0000048_seg, 51.1875,0.44164,0.82727,213.1319,45,      56,30, 85
v0000048_seg,  61.875,0.92089,0.61111,180.8727,47,85.98125,56, 86
v0000048_seg, 25.3125,0.55451,0.91837,174.6444,52,45.61538,34, 87
v0000048_seg,      72,0.80738,    0.8,216.2812,44,93.53289,47, 88
v0000048_seg, 74.8125,0.81864,0.63942,186.7519,44, 99.2378,55, 89
v0000048_seg, 51.1875,0.69851,0.77778,207.7473,44,99.97794,49, 90
v0000048_seg, 65.8125,0.76763,0.70909,224.5983,34,113.1184,50, 91
v0000048_seg,    49.5,0.43854,    0.8,174.6591,51,30.13636,13, 92
v0000048_seg, 72.5625,0.58434,0.76786,194.1163,48,83.45395,39, 93
v0000048_seg, 43.3125,0.82712,0.64167,180.4286,49,47.74265,17, 94
v0000048_seg,    58.5,0.69844,0.88889,215.1154,43,109.3897,50, 95
v0000048_seg,  55.125,0.80268,0.77778,192.8878,53,37.47143,27, 96
v0000048_seg, 41.0625,0.71473,0.66364,159.5753,47,80.93939,60, 97
v0000048_seg, 80.4375,0.75964,0.76471,203.0629,48,84.33125,36, 98
v0000048_seg,   33.75,0.69802,0.74074,176.0667,40,    90.9,43, 99
v0000048_seg,   51.75,0.40396,0.76033,197.3261,45,105.3529,56,100
v0000048_seg,      81,0.42371,0.73469,200.3264,53,90.75625,55,101
v0000048_seg,  57.375,0.41669,0.77273,192.8039,44,62.79286,28,102
v0000048_seg, 42.1875,0.39387,   0.75,206.7067,42,80.38281,33,103
v0000048_seg,  39.375,0.84033,0.72917,199.8429,45,85.38281,41,104
v0000048_seg,   47.25,0.72187,0.76364,173.3095,47,98.21212,43,105
v0000048_seg, 47.8125,0.67244,0.78704,191.1765,44,95.00758,54,106
v0000048_seg, 41.0625,0.67155,   0.73,199.5616,40,110.5234,51,107
v0000048_seg,   51.75,0.84134,0.76667,154.0761,50,73.77143,37,108
v0000048_seg, 28.6875,0.74734,0.70833,158.5098,40,  106.75,30,109
v0000048_seg,  46.125,0.72993,0.75926,211.3049,37,99.23485,40,110
v0000048_seg,   33.75,0.81278,   0.75,128.1167,48,      68,25,111
v0000048_seg,    58.5,0.86356,0.72222,218.9038,38,129.4865,50,112
v0000048_seg,   47.25,0.73571,  0.875,221.0238,34,143.8281,49,113
v0000048_seg, 34.3125,0.84153,0.72619,185.2459,44,85.77419,50,114
v0000048_seg,      54,0.84025,0.68571,197.0729,49,84.05556,42,115
v0000048_seg, 65.8125,0.72301,   0.75,206.6581,49,109.5878,53,116
v0000048_seg,   60.75,0.77067,0.69231,212.7315,47,91.18243,55,117
v0000048_seg, 41.0625,0.40278,   0.73, 217.863,43,109.6484,39,118
v0000048_seg, 48.9375,0.64355,0.79091,215.5287,40,104.8636,37,119
v0000048_seg,  50.625,0.79891, 0.7438,201.0222,38,104.5588,52,120
v0000048_seg, 60.1875,0.71139,0.74306,208.8785,49,76.54422,46,121
v0000048_seg, 52.3125,0.73076,  0.775,173.2366,43,101.1103,52,122
v0000048_seg, 53.4375, 0.1456, 0.7197,209.0526,50,    85.8,52,123
